{
  "IcoMoonType": "selection",
  "icons": [
    {
      "icon": {
        "paths": [
          "M392.7 76.3l489.1 403.1c18.9 16.9 18.9 46.5 0 63.4l-489.1 404.9c-27.4 24.4-70.8 5-70.8-31.7v-808.1c0.1-36.6 43.4-56.1 70.8-31.6z"
        ],
        "isMulticolor": false,
        "isMulticolor2": false,
        "tags": [
          "caretright"
        ],
        "defaultCode": 58884,
        "grid": 0
      },
      "properties": {
        "id": 6,
        "order": 4,
        "ligatures": "",
        "prevSize": 32,
        "code": 58884,
        "name": "caretright"
      },
      "setIdx": 0,
      "setId": 0,
      "iconIdx": 5
    },
    {
      "icon": {
        "paths": [
          "M631.3 76.3l-489.2 403c-18.9 16.9-18.9 46.5 0 63.4l489.1 405.1c27.4 24.4 70.8 5 70.8-31.7v-808.2c0-36.6-43.4-56.1-70.7-31.6z"
        ],
        "isMulticolor": false,
        "isMulticolor2": false,
        "tags": [
          "caretleft"
        ],
        "defaultCode": 58885,
        "grid": 0
      },
      "properties": {
        "id": 7,
        "order": 5,
        "ligatures": "",
        "prevSize": 32,
        "code": 58885,
        "name": "caretleft"
      },
      "setIdx": 0,
      "setId": 0,
      "iconIdx": 6
    },
    {
      "icon": {
        "paths": [
          "M76.3 392.3l403.1 489.1c16.9 18.9 46.5 18.9 63.4 0l405.1-489.1c24.4-27.4 5-70.8-31.7-70.8h-808.1c-36.8 0-56.3 43.4-31.8 70.8z"
        ],
        "isMulticolor": false,
        "isMulticolor2": false,
        "tags": [
          "caretdown"
        ],
        "defaultCode": 58886,
        "grid": 0
      },
      "properties": {
        "id": 8,
        "order": 6,
        "ligatures": "",
        "prevSize": 32,
        "code": 58886,
        "name": "caretdown"
      },
      "setIdx": 0,
      "setId": 0,
      "iconIdx": 7
    },
    {
      "icon": {
        "paths": [
          "M76.3 632.8l405.1-489.1c16.9-18.9 46.5-18.9 63.4 0l403.1 489.1c24.4 27.4 5 70.8-31.7 70.8l-808.3-0c-36.6 0-56.1-43.4-31.6-70.8z"
        ],
        "isMulticolor": false,
        "isMulticolor2": false,
        "tags": [
          "caretup"
        ],
        "defaultCode": 58887,
        "grid": 0
      },
      "properties": {
        "id": 9,
        "order": 7,
        "ligatures": "",
        "prevSize": 32,
        "code": 58887,
        "name": "caretup"
      },
      "setIdx": 0,
      "setId": 0,
      "iconIdx": 8
    },
    {
      "icon": {
        "paths": [
          "M512 0.999c-282.524 0-511.5 228.976-511.5 511.5s228.976 511.5 511.5 511.5 511.5-228.976 511.5-511.5-228.976-511.5-511.5-511.5zM681.335 537.675l-235.57 220.784c-14.486 13.587-37.264 12.887-50.85-1.598s-12.887-37.264 1.598-50.85l207.597-194.51-207.497-194.61c-14.486-13.587-15.185-36.364-1.598-50.85s36.364-15.185 50.85-1.598l235.57 220.784c7.193 6.693 11.289 16.184 11.289 26.174s-4.096 19.581-11.389 26.274z"
        ],
        "isMulticolor": false,
        "isMulticolor2": false,
        "tags": [
          "rightcircle"
        ],
        "defaultCode": 58888,
        "grid": 0
      },
      "properties": {
        "id": 10,
        "order": 8,
        "ligatures": "",
        "prevSize": 32,
        "code": 58888,
        "name": "rightcircle"
      },
      "setIdx": 0,
      "setId": 0,
      "iconIdx": 9
    },
    {
      "icon": {
        "paths": [
          "M512 0.999c-282.524 0-511.5 228.976-511.5 511.5s228.976 511.5 511.5 511.5 511.5-228.976 511.5-511.5-228.976-511.5-511.5-511.5zM628.986 756.961c-13.587 14.486-36.364 15.185-50.85 1.598l-235.57-220.784c-7.293-6.793-11.389-16.284-11.389-26.274s4.096-19.481 11.289-26.174l235.57-220.784c14.486-13.587 37.264-12.887 50.85 1.598s12.887 37.264-1.598 50.85l-207.497 194.51 207.597 194.61c14.486 13.587 15.185 36.364 1.598 50.85z"
        ],
        "isMulticolor": false,
        "isMulticolor2": false,
        "tags": [
          "leftcircle"
        ],
        "defaultCode": 58889,
        "grid": 0
      },
      "properties": {
        "id": 11,
        "order": 9,
        "ligatures": "",
        "prevSize": 32,
        "code": 58889,
        "name": "leftcircle"
      },
      "setIdx": 0,
      "setId": 0,
      "iconIdx": 10
    },
    {
      "icon": {
        "paths": [
          "M512 0.999c-282.524 0-511.5 228.976-511.5 511.5s228.976 511.5 511.5 511.5 511.5-228.976 511.5-511.5-228.976-511.5-511.5-511.5zM757.36 617.497c-14.486 13.587-37.264 12.887-50.85-1.598l-194.51-207.497-194.61 207.597c-13.587 14.486-36.364 15.185-50.85 1.598s-15.185-36.364-1.598-50.85l220.784-235.57c6.793-7.293 16.284-11.389 26.274-11.389s19.481 4.096 26.174 11.289l220.784 235.57c13.587 14.486 12.887 37.264-1.598 50.85z"
        ],
        "isMulticolor": false,
        "isMulticolor2": false,
        "tags": [
          "upcircle"
        ],
        "defaultCode": 58890,
        "grid": 0
      },
      "properties": {
        "id": 12,
        "order": 10,
        "ligatures": "",
        "prevSize": 32,
        "code": 58890,
        "name": "upcircle"
      },
      "setIdx": 0,
      "setId": 0,
      "iconIdx": 11
    },
    {
      "icon": {
        "paths": [
          "M512 0.999c-282.524 0-511.5 228.976-511.5 511.5s228.976 511.5 511.5 511.5 511.5-228.976 511.5-511.5-228.976-511.5-511.5-511.5zM758.959 466.345l-220.784 235.57c-6.693 7.193-16.184 11.289-26.174 11.289s-19.481-4.096-26.274-11.389l-220.784-235.57c-13.587-14.486-12.887-37.264 1.598-50.85s37.264-12.887 50.85 1.598l194.61 207.597 194.51-207.497c13.587-14.486 36.364-15.185 50.85-1.598s15.185 36.364 1.598 50.85z"
        ],
        "isMulticolor": false,
        "isMulticolor2": false,
        "tags": [
          "downcircle"
        ],
        "defaultCode": 58891,
        "grid": 0
      },
      "properties": {
        "id": 13,
        "order": 11,
        "ligatures": "",
        "prevSize": 32,
        "code": 58891,
        "name": "downcircle"
      },
      "setIdx": 0,
      "setId": 0,
      "iconIdx": 12
    },
    {
      "icon": {
        "paths": [
          "M512 72.929c59.342 0 116.886 11.589 171.033 34.466 52.349 22.178 99.303 53.847 139.764 94.208 40.361 40.361 72.13 87.415 94.208 139.764 22.978 54.247 34.566 111.791 34.566 171.133s-11.589 116.886-34.466 171.033c-22.178 52.349-53.847 99.303-94.208 139.764-40.361 40.361-87.415 72.13-139.764 94.208-54.247 22.978-111.791 34.566-171.133 34.566s-116.886-11.589-171.033-34.466c-52.349-22.178-99.303-53.847-139.764-94.208-40.361-40.361-72.13-87.415-94.208-139.764-22.978-54.247-34.566-111.791-34.566-171.133s11.589-116.886 34.466-171.033c22.178-52.349 53.847-99.303 94.208-139.764 40.361-40.361 87.415-72.13 139.764-94.208 54.247-22.978 111.791-34.566 171.133-34.566M512 0.999c-282.524 0-511.5 228.976-511.5 511.5s228.976 511.5 511.5 511.5 511.5-228.976 511.5-511.5-228.976-511.5-511.5-511.5v0zM681.435 485.326l-235.57-220.784c-14.486-13.587-37.264-12.887-50.85 1.598s-12.887 37.264 1.598 50.85l207.497 194.51-207.597 194.61c-14.486 13.587-15.185 36.364-1.598 50.85s36.364 15.185 50.85 1.598l235.57-220.784c7.293-6.793 11.389-16.284 11.389-26.274s-4.096-19.481-11.289-26.174z"
        ],
        "isMulticolor": false,
        "isMulticolor2": false,
        "tags": [
          "rightcircleo"
        ],
        "defaultCode": 58892,
        "grid": 0
      },
      "properties": {
        "id": 14,
        "order": 12,
        "ligatures": "",
        "prevSize": 32,
        "code": 58892,
        "name": "rightcircleo"
      },
      "setIdx": 0,
      "setId": 0,
      "iconIdx": 13
    },
    {
      "icon": {
        "paths": [
          "M512 72.929c59.342 0 116.886 11.589 171.033 34.466 52.349 22.178 99.303 53.847 139.764 94.208 40.361 40.361 72.13 87.415 94.208 139.764 22.978 54.247 34.566 111.791 34.566 171.133s-11.589 116.886-34.466 171.033c-22.178 52.349-53.847 99.303-94.208 139.764-40.361 40.361-87.415 72.13-139.764 94.208-54.247 22.978-111.791 34.566-171.133 34.566s-116.886-11.589-171.033-34.466c-52.349-22.178-99.303-53.847-139.764-94.208-40.361-40.361-72.13-87.415-94.208-139.764-22.978-54.247-34.566-111.791-34.566-171.133s11.589-116.886 34.466-171.033c22.178-52.349 53.847-99.303 94.208-139.764 40.361-40.361 87.415-72.13 139.764-94.208 54.247-22.978 111.791-34.566 171.133-34.566M512 0.999c-282.524 0-511.5 228.976-511.5 511.5s228.976 511.5 511.5 511.5 511.5-228.976 511.5-511.5-228.976-511.5-511.5-511.5v0zM331.177 511.5c0 9.99 4.096 19.481 11.389 26.274l235.57 220.784c14.486 13.587 37.264 12.887 50.85-1.598s12.887-37.264-1.598-50.85l-207.597-194.61 207.497-194.51c14.486-13.587 15.185-36.364 1.598-50.85s-36.364-15.185-50.85-1.598l-235.57 220.784c-7.193 6.693-11.289 16.184-11.289 26.174z"
        ],
        "isMulticolor": false,
        "isMulticolor2": false,
        "tags": [
          "leftcircleo"
        ],
        "defaultCode": 58893,
        "grid": 0
      },
      "properties": {
        "id": 15,
        "order": 13,
        "ligatures": "",
        "prevSize": 32,
        "code": 58893,
        "name": "leftcircleo"
      },
      "setIdx": 0,
      "setId": 0,
      "iconIdx": 14
    },
    {
      "icon": {
        "paths": [
          "M512 72.929c59.342 0 116.886 11.589 171.033 34.466 52.349 22.178 99.303 53.847 139.764 94.208 40.361 40.361 72.13 87.415 94.208 139.764 22.978 54.247 34.566 111.791 34.566 171.133s-11.589 116.886-34.466 171.033c-22.178 52.349-53.847 99.303-94.208 139.764-40.361 40.361-87.415 72.13-139.764 94.208-54.247 22.978-111.791 34.566-171.133 34.566s-116.886-11.589-171.033-34.466c-52.349-22.178-99.303-53.847-139.764-94.208-40.361-40.361-72.13-87.415-94.208-139.764-22.978-54.247-34.566-111.791-34.566-171.133s11.589-116.886 34.466-171.033c22.178-52.349 53.847-99.303 94.208-139.764 40.361-40.361 87.415-72.13 139.764-94.208 54.247-22.978 111.791-34.566 171.133-34.566M512 0.999c-282.524 0-511.5 228.976-511.5 511.5s228.976 511.5 511.5 511.5 511.5-228.976 511.5-511.5-228.976-511.5-511.5-511.5v0zM512 319.788c-9.99 0-19.481 4.096-26.274 11.389l-220.784 235.57c-13.587 14.486-12.887 37.264 1.598 50.85s37.264 12.887 50.85-1.598l194.61-207.597 194.51 207.497c13.587 14.486 36.364 15.185 50.85 1.598s15.185-36.364 1.598-50.85l-220.784-235.57c-6.693-7.193-16.184-11.289-26.174-11.289z"
        ],
        "isMulticolor": false,
        "isMulticolor2": false,
        "tags": [
          "upcircleo"
        ],
        "defaultCode": 58894,
        "grid": 0
      },
      "properties": {
        "id": 16,
        "order": 14,
        "ligatures": "",
        "prevSize": 32,
        "code": 58894,
        "name": "upcircleo"
      },
      "setIdx": 0,
      "setId": 0,
      "iconIdx": 15
    },
    {
      "icon": {
        "paths": [
          "M512 72.929c59.342 0 116.886 11.589 171.033 34.466 52.349 22.178 99.303 53.847 139.764 94.208 40.361 40.361 72.13 87.415 94.208 139.764 22.978 54.247 34.566 111.791 34.566 171.133s-11.589 116.886-34.466 171.033c-22.178 52.349-53.847 99.303-94.208 139.764-40.361 40.361-87.415 72.13-139.764 94.208-54.247 22.978-111.791 34.566-171.133 34.566s-116.886-11.589-171.033-34.466c-52.349-22.178-99.303-53.847-139.764-94.208-40.361-40.361-72.13-87.415-94.208-139.764-22.978-54.247-34.566-111.791-34.566-171.133s11.589-116.886 34.466-171.033c22.178-52.349 53.847-99.303 94.208-139.764 40.361-40.361 87.415-72.13 139.764-94.208 54.247-22.978 111.791-34.566 171.133-34.566M512 0.999c-282.524 0-511.5 228.976-511.5 511.5s228.976 511.5 511.5 511.5 511.5-228.976 511.5-511.5-228.976-511.5-511.5-511.5v0zM512 713.204c-9.99 0-19.481-4.096-26.274-11.389l-220.784-235.57c-13.587-14.486-12.887-37.264 1.598-50.85s37.264-12.887 50.85 1.598l194.61 207.597 194.51-207.497c13.587-14.486 36.364-15.185 50.85-1.598s15.185 36.364 1.598 50.85l-220.784 235.57c-6.693 7.193-16.184 11.289-26.174 11.289z"
        ],
        "isMulticolor": false,
        "isMulticolor2": false,
        "tags": [
          "downcircleo"
        ],
        "defaultCode": 58895,
        "grid": 0
      },
      "properties": {
        "id": 17,
        "order": 15,
        "ligatures": "",
        "prevSize": 32,
        "code": 58895,
        "name": "downcircleo"
      },
      "setIdx": 0,
      "setId": 0,
      "iconIdx": 16
    },
    {
      "icon": {
        "paths": [
          "M273.2 818l381.5-306.9-379.6-305c-18.8-15.1-21.8-42.6-6.7-61.4s42.6-21.8 61.4-6.7l358.3 287.9v-261.5c0-19.9 16.1-36 36-36h8c19.9 0 36 16.1 36 36v695.3c0 19.9-16.1 36-36 36h-8c-19.9 0-36-16.1-36-36v-263.3l-360.1 289.7c-8.1 6.4-17.8 9.6-27.4 9.6-12.8 0-25.4-5.6-34.1-16.3-15.1-18.8-12.1-46.3 6.7-61.4z"
        ],
        "isMulticolor": false,
        "isMulticolor2": false,
        "tags": [
          "verticleleft"
        ],
        "defaultCode": 58896,
        "grid": 0
      },
      "properties": {
        "id": 18,
        "order": 16,
        "ligatures": "",
        "prevSize": 32,
        "code": 58896,
        "name": "verticleleft"
      },
      "setIdx": 0,
      "setId": 0,
      "iconIdx": 17
    },
    {
      "icon": {
        "paths": [
          "M751.8 818l-381.5-306.9 379.6-305c18.8-15.1 21.8-42.6 6.7-61.4s-42.6-21.8-61.4-6.7l-358.3 287.9v-261.5c0-19.9-16.1-36-36-36h-8c-19.9 0-36 16.1-36 36v695.3c0 19.9 16.1 36 36 36h8c19.9 0 36-16.1 36-36v-263.3l360.1 289.7c8.1 6.4 17.8 9.6 27.4 9.6 12.8 0 25.4-5.6 34.1-16.3 15.1-18.8 12.1-46.3-6.7-61.4z"
        ],
        "isMulticolor": false,
        "isMulticolor2": false,
        "tags": [
          "verticleright"
        ],
        "defaultCode": 58897,
        "grid": 0
      },
      "properties": {
        "id": 19,
        "order": 17,
        "ligatures": "",
        "prevSize": 32,
        "code": 58897,
        "name": "verticleright"
      },
      "setIdx": 0,
      "setId": 0,
      "iconIdx": 18
    },
    {
      "icon": {
        "paths": [
          "M108.8 648.8h211.2l-232.1 232c-17.2 17.2-17.2 45 0 62.2s45 17.2 62.2 0l235.7-235.7v209.4c0 24.3 19.7 44 44 44s44-19.7 44-44v-312c0-24.3-19.7-44-44-44h-321c-24.3 0-44 19.7-44 44s19.7 44.1 44 44.1zM594.8 464.8h321c24.3 0 44-19.7 44-44s-19.7-44-44-44h-211.1l232.1-232.1c17.2-17.2 17.2-45 0-62.2-8.6-8.6-19.9-12.9-31.1-12.9-11.3 0-22.5 4.3-31.1 12.9l-235.8 235.7v-209.4c0-24.3-19.7-44-44-44s-44 19.7-44 44v312c0 24.3 19.7 44 44 44z"
        ],
        "isMulticolor": false,
        "isMulticolor2": false,
        "tags": [
          "shrink"
        ],
        "defaultCode": 58900,
        "grid": 0
      },
      "properties": {
        "id": 22,
        "order": 20,
        "ligatures": "",
        "prevSize": 32,
        "code": 58900,
        "name": "shrink"
      },
      "setIdx": 0,
      "setId": 0,
      "iconIdx": 21
    },
    {
      "icon": {
        "paths": [
          "M429.9 872.8h-211.2l232.1-232.1c17.2-17.2 17.2-45 0-62.2s-45-17.2-62.2 0l-235.8 235.7v-209.4c0-24.3-19.7-44-44-44s-44 19.7-44 44v312c0 24.3 19.7 44 44 44h321c24.3 0 44-19.7 44-44s-19.6-44-43.9-44zM915.9 64.8h-321c-24.3 0-44 19.7-44 44s19.7 44 44 44h211.1l-232.1 232c-17.2 17.2-17.2 45 0 62.2 8.6 8.6 19.9 12.9 31.1 12.9 11.3 0 22.5-4.3 31.1-12.9l235.7-235.7v209.4c0 24.3 19.7 44 44 44s44-19.7 44-44v-312c0.1-24.2-19.6-43.9-43.9-43.9z"
        ],
        "isMulticolor": false,
        "isMulticolor2": false,
        "tags": [
          "arrowsalt"
        ],
        "defaultCode": 58901,
        "grid": 0
      },
      "properties": {
        "id": 23,
        "order": 22,
        "ligatures": "",
        "prevSize": 32,
        "code": 58901,
        "name": "arrowsalt"
      },
      "setIdx": 0,
      "setId": 0,
      "iconIdx": 22
    },
    {
      "icon": {
        "paths": [
          "M431 879.4c-15.1-18.8-12.1-46.3 6.7-61.4l381.5-306.9-379.6-305c-18.8-15.1-21.8-42.6-6.7-61.4s42.6-21.8 61.4-6.7l422 339.1c10.3 8.2 16.3 20.8 16.3 34 0 13.3-6 25.8-16.3 34.1l-423.8 340.9c-8.1 6.4-17.8 9.6-27.4 9.6-12.8 0-25.4-5.6-34.1-16.3zM101 879.4c-15.1-18.8-12.1-46.3 6.7-61.4l381.5-306.9-379.6-305c-18.8-15.1-21.8-42.6-6.7-61.4s42.6-21.8 61.4-6.7l422 339.1c10.3 8.2 16.3 20.8 16.3 34 0 13.3-6 25.8-16.3 34.1l-423.8 340.9c-8.1 6.4-17.8 9.6-27.4 9.6-12.8 0-25.4-5.6-34.1-16.3z"
        ],
        "isMulticolor": false,
        "isMulticolor2": false,
        "tags": [
          "doubleright"
        ],
        "defaultCode": 58903,
        "grid": 0
      },
      "properties": {
        "id": 24,
        "order": 23,
        "ligatures": "",
        "prevSize": 32,
        "code": 58903,
        "name": "doubleright"
      },
      "setIdx": 0,
      "setId": 0,
      "iconIdx": 23
    },
    {
      "icon": {
        "paths": [
          "M558.9 895.7c-9.6 0-19.3-3.2-27.4-9.6l-423.8-340.9c-10.3-8.3-16.3-20.8-16.3-34.1 0-13.2 6-25.8 16.3-34l422-339.1c18.8-15.1 46.3-12.1 61.4 6.7s12.1 46.3-6.7 61.4l-379.6 305 381.5 306.9c18.8 15.1 21.8 42.6 6.7 61.4-8.7 10.7-21.3 16.3-34.1 16.3zM888.9 895.7c-9.6 0-19.3-3.2-27.4-9.6l-423.8-340.9c-10.3-8.3-16.3-20.8-16.3-34.1 0-13.2 6-25.8 16.3-34l422-339.1c18.8-15.1 46.3-12.1 61.4 6.7s12.1 46.3-6.7 61.4l-379.6 305 381.5 306.9c18.8 15.1 21.8 42.6 6.7 61.4-8.7 10.7-21.3 16.3-34.1 16.3z"
        ],
        "isMulticolor": false,
        "isMulticolor2": false,
        "tags": [
          "doubleleft"
        ],
        "defaultCode": 58904,
        "grid": 0
      },
      "properties": {
        "id": 25,
        "order": 24,
        "ligatures": "",
        "prevSize": 32,
        "code": 58904,
        "name": "doubleleft"
      },
      "setIdx": 0,
      "setId": 0,
      "iconIdx": 24
    },
    {
      "icon": {
        "paths": [
          "M558 171.2v573.7c0 0.1 0.2 0.2 0.2 0.1l208-216.4c16.8-17.5 44.7-18.1 62.2-1.2 17.5 16.8 18.1 44.7 1.2 62.2l-283.1 294.6c-8.3 8.6-19.8 13.5-31.7 13.5-12 0-23.4-4.9-31.7-13.5l-284.8-296.2c-8.2-8.5-12.3-19.5-12.3-30.5 0-11.6 4.5-23.1 13.5-31.7 17.5-16.8 45.4-16.3 62.2 1.2l208 216.4c0.1 0.1 0.2 0 0.2-0.1v-573.1c0-23.4 18.3-42.5 41.3-43.9 25.6-1.5 46.8 19.4 46.8 44.9z"
        ],
        "isMulticolor": false,
        "isMulticolor2": false,
        "tags": [
          "arrowdown"
        ],
        "defaultCode": 58905,
        "grid": 0
      },
      "properties": {
        "id": 26,
        "order": 25,
        "ligatures": "",
        "prevSize": 32,
        "code": 58905,
        "name": "arrowdown"
      },
      "setIdx": 0,
      "setId": 0,
      "iconIdx": 25
    },
    {
      "icon": {
        "paths": [
          "M470 852.8v-573.7c0-0.1-0.2-0.2-0.2-0.1l-208 216.4c-16.8 17.5-44.7 18.1-62.2 1.2-17.5-16.8-18.1-44.7-1.2-62.2l283.2-294.7c8.3-8.6 19.8-13.5 31.7-13.5 12 0 23.4 4.9 31.7 13.5l284.7 296.3c8.2 8.5 12.3 19.5 12.3 30.5 0 11.6-4.5 23.1-13.5 31.7-17.5 16.8-45.4 16.3-62.2-1.2l-208-216.4c-0.1-0.1-0.2 0-0.2 0.1v573.1c0 23.4-18.3 42.5-41.3 43.9-25.6 1.5-46.8-19.4-46.8-44.9z"
        ],
        "isMulticolor": false,
        "isMulticolor2": false,
        "tags": [
          "arrowup"
        ],
        "defaultCode": 58906,
        "grid": 0
      },
      "properties": {
        "id": 27,
        "order": 26,
        "ligatures": "",
        "prevSize": 32,
        "code": 58906,
        "name": "arrowup"
      },
      "setIdx": 0,
      "setId": 0,
      "iconIdx": 26
    },
    {
      "icon": {
        "paths": [
          "M173.2 468h573.7c0.1 0 0.2-0.2 0.1-0.2l-216.4-208c-17.5-16.8-18.1-44.7-1.2-62.2 16.8-17.5 44.7-18.1 62.2-1.2l294.7 283.2c8.6 8.3 13.5 19.8 13.5 31.7 0 12-4.9 23.4-13.5 31.7l-296.3 284.7c-8.5 8.2-19.5 12.3-30.5 12.3-11.6 0-23.1-4.5-31.7-13.5-16.8-17.5-16.3-45.4 1.2-62.2l216.4-208c0.1-0.1 0-0.2-0.1-0.2h-573.1c-23.4 0-42.5-18.3-43.9-41.3-1.5-25.6 19.4-46.8 44.9-46.8z"
        ],
        "isMulticolor": false,
        "isMulticolor2": false,
        "tags": [
          "arrowright"
        ],
        "defaultCode": 58907,
        "grid": 0
      },
      "properties": {
        "id": 28,
        "order": 27,
        "ligatures": "",
        "prevSize": 32,
        "code": 58907,
        "name": "arrowright"
      },
      "setIdx": 0,
      "setId": 0,
      "iconIdx": 27
    },
    {
      "icon": {
        "paths": [
          "M854.8 468h-573.7c-0.1 0-0.2-0.2-0.1-0.2l216.4-208c17.5-16.8 18.1-44.7 1.2-62.2-16.8-17.5-44.7-18.1-62.2-1.2l-294.6 283.1c-8.6 8.3-13.5 19.8-13.5 31.7 0 12 4.9 23.4 13.5 31.7l296.2 284.7c8.5 8.2 19.5 12.3 30.5 12.3 11.6 0 23.1-4.5 31.7-13.5 16.8-17.5 16.3-45.4-1.2-62.2l-216.4-208c-0.1-0.1 0-0.2 0.1-0.2h573.1c23.4 0 42.5-18.3 43.9-41.3 1.5-25.5-19.4-46.7-44.9-46.7z"
        ],
        "isMulticolor": false,
        "isMulticolor2": false,
        "tags": [
          "arrowleft"
        ],
        "defaultCode": 58908,
        "grid": 0
      },
      "properties": {
        "id": 29,
        "order": 28,
        "ligatures": "",
        "prevSize": 32,
        "code": 58908,
        "name": "arrowleft"
      },
      "setIdx": 0,
      "setId": 0,
      "iconIdx": 28
    },
    {
      "icon": {
        "paths": [
          "M895.7 300.1c0 9.6-3.2 19.3-9.6 27.4l-340.9 423.8c-8.3 10.3-20.8 16.3-34.1 16.3-13.2 0-25.8-6-34-16.3l-339.1-422c-15.1-18.8-12.1-46.3 6.7-61.4s46.3-12.1 61.4 6.7l305.1 379.6 306.8-381.5c15.1-18.8 42.6-21.8 61.4-6.7 10.7 8.7 16.3 21.3 16.3 34.1z"
        ],
        "isMulticolor": false,
        "isMulticolor2": false,
        "tags": [
          "down"
        ],
        "defaultCode": 58909,
        "grid": 0
      },
      "properties": {
        "id": 30,
        "order": 29,
        "ligatures": "",
        "prevSize": 32,
        "code": 58909,
        "name": "down"
      },
      "setIdx": 0,
      "setId": 0,
      "iconIdx": 29
    },
    {
      "icon": {
        "paths": [
          "M895.7 659.9c0-9.6-3.2-19.3-9.6-27.4l-340.9-423.8c-8.3-10.3-20.8-16.3-34.1-16.3-13.2 0-25.8 6-34 16.3l-339.1 422c-15.1 18.8-12.1 46.3 6.7 61.4s46.3 12.1 61.4-6.7l305.1-379.6 306.8 381.5c15.1 18.8 42.6 21.8 61.4 6.7 10.7-8.7 16.3-21.3 16.3-34.1z"
        ],
        "isMulticolor": false,
        "isMulticolor2": false,
        "tags": [
          "up"
        ],
        "defaultCode": 58910,
        "grid": 0
      },
      "properties": {
        "id": 31,
        "order": 30,
        "ligatures": "",
        "prevSize": 32,
        "code": 58910,
        "name": "up"
      },
      "setIdx": 0,
      "setId": 0,
      "iconIdx": 30
    },
    {
      "icon": {
        "paths": [
          "M300.6 895.7c9.6 0 19.3-3.2 27.4-9.6l423.8-340.9c10.3-8.3 16.3-20.8 16.3-34.1 0-13.2-6-25.8-16.3-34l-422-339.1c-18.8-15.1-46.3-12.1-61.4 6.7s-12.1 46.3 6.7 61.4l379.6 305.1-381.5 306.8c-18.8 15.1-21.8 42.6-6.7 61.4 8.7 10.7 21.3 16.3 34.1 16.3z"
        ],
        "isMulticolor": false,
        "isMulticolor2": false,
        "tags": [
          "right"
        ],
        "defaultCode": 58911,
        "grid": 0
      },
      "properties": {
        "id": 32,
        "order": 31,
        "ligatures": "",
        "prevSize": 32,
        "code": 58911,
        "name": "right"
      },
      "setIdx": 0,
      "setId": 0,
      "iconIdx": 31
    },
    {
      "icon": {
        "paths": [
          "M724.4 895.7c-9.6 0-19.3-3.2-27.4-9.6l-423.8-340.9c-10.3-8.3-16.3-20.8-16.3-34.1 0-13.2 6-25.8 16.3-34l422-339.1c18.8-15.1 46.3-12.1 61.4 6.7s12.1 46.3-6.7 61.4l-379.6 305 381.5 306.9c18.8 15.1 21.8 42.6 6.7 61.4-8.7 10.7-21.3 16.3-34.1 16.3z"
        ],
        "isMulticolor": false,
        "isMulticolor2": false,
        "tags": [
          "left"
        ],
        "defaultCode": 58912,
        "grid": 0
      },
      "properties": {
        "id": 33,
        "order": 32,
        "ligatures": "",
        "prevSize": 32,
        "code": 58912,
        "name": "left"
      },
      "setIdx": 0,
      "setId": 0,
      "iconIdx": 32
    },
    {
      "icon": {
        "paths": [
          "M512 0c-282.8 0-512 229.2-512 512s229.2 512 512 512 512-229.2 512-512-229.2-512-512-512zM832.5 512c0 19.9-16.1 36-36 36h-569c-19.9 0-36-16.1-36-36v0c0-19.9 16.1-36 36-36h569c19.9 0 36 16.1 36 36v0z"
        ],
        "isMulticolor": false,
        "isMulticolor2": false,
        "tags": [
          "minuscircle"
        ],
        "defaultCode": 58914,
        "grid": 0
      },
      "properties": {
        "id": 35,
        "order": 33,
        "ligatures": "",
        "prevSize": 32,
        "code": 58914,
        "name": "minuscircle"
      },
      "setIdx": 0,
      "setId": 0,
      "iconIdx": 34
    },
    {
      "icon": {
        "paths": [
          "M512 0c-282.8 0-512 229.2-512 512s229.2 512 512 512 512-229.2 512-512-229.2-512-512-512zM823.1 823.1c-40.4 40.4-87.5 72.2-139.9 94.3-54.2 23-111.8 34.6-171.2 34.6s-117-11.6-171.2-34.5c-52.4-22.2-99.4-53.9-139.9-94.3-40.4-40.4-72.2-87.5-94.3-139.9-23-54.3-34.6-111.9-34.6-171.3s11.6-117 34.5-171.2c22.2-52.4 53.9-99.4 94.3-139.9 40.4-40.4 87.5-72.2 139.9-94.3 54.3-23 111.9-34.6 171.3-34.6s117 11.6 171.2 34.5c52.4 22.2 99.4 53.9 139.9 94.3 40.4 40.4 72.2 87.5 94.3 139.9 23 54.3 34.6 111.9 34.6 171.3s-11.6 117-34.5 171.2c-22.2 52.4-53.9 99.5-94.4 139.9zM796.5 548h-569c-19.9 0-36-16.1-36-36v0c0-19.9 16.1-36 36-36h569c19.9 0 36 16.1 36 36v0c0 19.9-16.1 36-36 36z"
        ],
        "isMulticolor": false,
        "isMulticolor2": false,
        "tags": [
          "minuscircleo"
        ],
        "defaultCode": 58915,
        "grid": 0
      },
      "properties": {
        "id": 36,
        "order": 34,
        "ligatures": "",
        "prevSize": 32,
        "code": 58915,
        "name": "minuscircleo"
      },
      "setIdx": 0,
      "setId": 0,
      "iconIdx": 35
    },
    {
      "icon": {
        "paths": [
          "M796.5 548h-569c-19.9 0-36-16.1-36-36v0c0-19.9 16.1-36 36-36h569c19.9 0 36 16.1 36 36v0c0 19.9-16.1 36-36 36z"
        ],
        "isMulticolor": false,
        "isMulticolor2": false,
        "tags": [
          "minus"
        ],
        "defaultCode": 58916,
        "grid": 0
      },
      "properties": {
        "id": 37,
        "order": 53,
        "ligatures": "",
        "prevSize": 32,
        "code": 58916,
        "name": "minus"
      },
      "setIdx": 0,
      "setId": 0,
      "iconIdx": 36
    },
    {
      "icon": {
        "paths": [
          "M512 0c-282.8 0-512 229.2-512 512s229.2 512 512 512 512-229.2 512-512-229.2-512-512-512zM823.1 823.1c-40.4 40.4-87.5 72.2-139.9 94.3-54.2 23-111.8 34.6-171.2 34.6s-117-11.6-171.2-34.5c-52.4-22.2-99.4-53.9-139.9-94.3-40.4-40.4-72.2-87.5-94.3-139.9-23-54.3-34.6-111.9-34.6-171.3s11.6-117 34.5-171.2c22.2-52.4 53.9-99.4 94.3-139.9 40.4-40.4 87.5-72.2 139.9-94.3 54.3-23 111.9-34.6 171.3-34.6s117 11.6 171.2 34.5c52.4 22.2 99.4 53.9 139.9 94.3 40.4 40.4 72.2 87.5 94.3 139.9 23 54.3 34.6 111.9 34.6 171.3s-11.6 117-34.5 171.2c-22.2 52.4-53.9 99.5-94.4 139.9zM732 476.5h-183.5v-183.5c0-19.9-16.1-36-36-36v0c-19.9 0-36 16.1-36 36v183.5h-184.5c-19.9 0-36 16.1-36 36v0c0 19.9 16.1 36 36 36h184.5v182.5c0 19.9 16.1 36 36 36v0c19.9 0 36-16.1 36-36v-182.5h183.5c19.9 0 36-16.1 36-36v0c0-19.9-16.1-36-36-36z"
        ],
        "isMulticolor": false,
        "isMulticolor2": false,
        "tags": [
          "pluscircleo"
        ],
        "defaultCode": 58917,
        "grid": 0
      },
      "properties": {
        "id": 38,
        "order": 35,
        "ligatures": "",
        "prevSize": 32,
        "code": 58917,
        "name": "pluscircleo"
      },
      "setIdx": 0,
      "setId": 0,
      "iconIdx": 37
    },
    {
      "icon": {
        "paths": [
          "M512 0c-282.8 0-512 229.2-512 512s229.2 512 512 512 512-229.2 512-512-229.2-512-512-512zM768 512.5c0 19.9-16.1 36-36 36h-183.5v182.5c0 19.9-16.1 36-36 36v0c-19.9 0-36-16.1-36-36v-182.5h-184.5c-19.9 0-36-16.1-36-36v0c0-19.9 16.1-36 36-36h184.5v-183.5c0-19.9 16.1-36 36-36v0c19.9 0 36 16.1 36 36v183.5h183.5c19.9 0 36 16.1 36 36v0z"
        ],
        "isMulticolor": false,
        "isMulticolor2": false,
        "tags": [
          "pluscircle"
        ],
        "defaultCode": 58918,
        "grid": 0
      },
      "properties": {
        "id": 39,
        "order": 36,
        "ligatures": "",
        "prevSize": 32,
        "code": 58918,
        "name": "pluscircle"
      },
      "setIdx": 0,
      "setId": 0,
      "iconIdx": 38
    },
    {
      "icon": {
        "paths": [
          "M866.5 476h-318.5v-310.5c0-19.9-16.1-36-36-36v0c-19.9 0-36 16.1-36 36v310.5h-311.5c-19.9 0-36 16.1-36 36v0c0 19.9 16.1 36 36 36h311.5v311.5c0 19.9 16.1 36 36 36v0c19.9 0 36-16.1 36-36v-311.5h318.5c19.9 0 36-16.1 36-36v0c0-19.9-16.1-36-36-36z"
        ],
        "isMulticolor": false,
        "isMulticolor2": false,
        "tags": [
          "plus"
        ],
        "defaultCode": 58919,
        "grid": 0
      },
      "properties": {
        "id": 40,
        "order": 37,
        "ligatures": "",
        "prevSize": 32,
        "code": 58919,
        "name": "plus"
      },
      "setIdx": 0,
      "setId": 0,
      "iconIdx": 39
    },
    {
      "icon": {
        "paths": [
          "M512 0c-282.8 0-512 229.2-512 512s229.2 512 512 512 512-229.2 512-512-229.2-512-512-512zM509 184.5c19.9 0 36 16.1 36 36s-16.1 36-36 36-36-16.1-36-36 16.1-36 36-36zM666.2 741.6c0 19.9-16.1 36-36 36h-242.4c-19.9 0-36-16.1-36-36v0c0-19.9 16.1-36 36-36h85.2v-314.1h-60c-19.9 0-36-16.1-36-36v0c0-19.9 16.1-36 36-36h96c19.9 0 36 16.1 36 36v350.1h85.2c19.9 0 36 16.1 36 36v0z"
        ],
        "isMulticolor": false,
        "isMulticolor2": false,
        "tags": [
          "infocirlce"
        ],
        "defaultCode": 58920,
        "grid": 0
      },
      "properties": {
        "id": 41,
        "order": 38,
        "ligatures": "",
        "prevSize": 32,
        "code": 58920,
        "name": "infocirlce"
      },
      "setIdx": 0,
      "setId": 0,
      "iconIdx": 40
    },
    {
      "icon": {
        "paths": [
          "M512 0c-282.8 0-512 229.2-512 512s229.2 512 512 512 512-229.2 512-512-229.2-512-512-512zM823.1 823.1c-40.4 40.4-87.5 72.2-139.9 94.3-54.2 23-111.8 34.6-171.2 34.6s-117-11.6-171.2-34.5c-52.4-22.2-99.4-53.9-139.9-94.3-40.4-40.4-72.2-87.5-94.3-139.9-23-54.3-34.6-111.9-34.6-171.3s11.6-117 34.5-171.2c22.2-52.4 53.9-99.4 94.3-139.9 40.4-40.4 87.5-72.2 139.9-94.3 54.3-23 111.9-34.6 171.3-34.6s117 11.6 171.2 34.5c52.4 22.2 99.4 53.9 139.9 94.3 40.4 40.4 72.2 87.5 94.3 139.9 23 54.3 34.6 111.9 34.6 171.3s-11.6 117-34.5 171.2c-22.2 52.4-53.9 99.5-94.4 139.9zM630.2 705.6h-85.2v-350.1c0-19.9-16.1-36-36-36v0h-96c-19.9 0-36 16.1-36 36v0c0 19.9 16.1 36 36 36h60v314.1h-85.2c-19.9 0-36 16.1-36 36v0c0 19.9 16.1 36 36 36h242.4c19.9 0 36-16.1 36-36v0c0-19.9-16.1-36-36-36zM473 220.5c0-19.882 16.118-36 36-36s36 16.118 36 36v0c0 19.882-16.118 36-36 36s-36-16.118-36-36v0z"
        ],
        "isMulticolor": false,
        "isMulticolor2": false,
        "tags": [
          "infocirlceo"
        ],
        "defaultCode": 58921,
        "grid": 0
      },
      "properties": {
        "id": 42,
        "order": 39,
        "ligatures": "",
        "prevSize": 32,
        "code": 58921,
        "name": "infocirlceo"
      },
      "setIdx": 0,
      "setId": 0,
      "iconIdx": 41
    },
    {
      "icon": {
        "paths": [
          "M512 0c-282.8 0-512 229.2-512 512s229.2 512 512 512 512-229.2 512-512-229.2-512-512-512zM472 231c0-22.1 17.9-40 40-40s40 17.9 40 40v369c0 22.1-17.9 40-40 40s-40-17.9-40-40v-369zM512 794c-24.9 0-45-20.1-45-45s20.1-45 45-45 45 20.1 45 45c0 24.8-20.1 45-45 45z"
        ],
        "isMulticolor": false,
        "isMulticolor2": false,
        "tags": [
          "exclamationcircle"
        ],
        "defaultCode": 58924,
        "grid": 0
      },
      "properties": {
        "id": 45,
        "order": 42,
        "ligatures": "",
        "prevSize": 32,
        "code": 58924,
        "name": "exclamationcircle"
      },
      "setIdx": 0,
      "setId": 0,
      "iconIdx": 44
    },
    {
      "icon": {
        "paths": [
          "M512 72c59.4 0 117 11.6 171.2 34.5 52.4 22.2 99.4 53.9 139.9 94.3 40.4 40.4 72.2 87.5 94.3 139.9 23 54.3 34.6 111.9 34.6 171.3s-11.6 117-34.5 171.2c-22.2 52.4-53.9 99.4-94.3 139.9-40.4 40.4-87.5 72.2-139.9 94.3-54.3 23-111.9 34.6-171.3 34.6s-117-11.6-171.2-34.5c-52.4-22.2-99.4-53.9-139.9-94.3-40.4-40.4-72.2-87.5-94.3-139.9-23-54.3-34.6-111.9-34.6-171.3s11.6-117 34.5-171.2c22.2-52.4 53.9-99.4 94.3-139.9 40.4-40.4 87.5-72.2 139.9-94.3 54.3-23 111.9-34.6 171.3-34.6M512 0c-282.8 0-512 229.2-512 512s229.2 512 512 512 512-229.2 512-512-229.2-512-512-512v0zM512 640c-22.1 0-40-17.9-40-40v-369c0-22.1 17.9-40 40-40s40 17.9 40 40v369c0 22.1-17.9 40-40 40zM467 749c0-24.853 20.147-45 45-45s45 20.147 45 45v0c0 24.853-20.147 45-45 45s-45-20.147-45-45v0z"
        ],
        "isMulticolor": false,
        "isMulticolor2": false,
        "tags": [
          "exclamationcircleo"
        ],
        "defaultCode": 58925,
        "grid": 0
      },
      "properties": {
        "id": 46,
        "order": 43,
        "ligatures": "",
        "prevSize": 32,
        "code": 58925,
        "name": "exclamationcircleo"
      },
      "setIdx": 0,
      "setId": 0,
      "iconIdx": 45
    },
    {
      "icon": {
        "paths": [
          "M512 0c-282.8 0-512 229.2-512 512s229.2 512 512 512 512-229.2 512-512-229.2-512-512-512zM717.3 666.9c14 14.1 14 36.9-0.1 50.9-7 7-16.2 10.5-25.4 10.5s-18.5-3.5-25.5-10.6l-154.3-154.7-154.3 154.7c-7 7.1-16.3 10.6-25.5 10.6s-18.4-3.5-25.4-10.5c-14.1-14-14.1-36.8-0.1-50.9l154.5-154.9-154.5-154.9c-14-14.1-14-36.9 0.1-50.9s36.9-14 50.9 0.1l154.3 154.7 154.3-154.8c14-14.1 36.8-14.1 50.9-0.1s14.1 36.8 0.1 50.9l-154.5 155 154.5 154.9z"
        ],
        "isMulticolor": false,
        "isMulticolor2": false,
        "tags": [
          "closecircle"
        ],
        "defaultCode": 58926,
        "grid": 0
      },
      "properties": {
        "id": 47,
        "order": 44,
        "ligatures": "",
        "prevSize": 32,
        "code": 58926,
        "name": "closecircle"
      },
      "setIdx": 0,
      "setId": 0,
      "iconIdx": 46
    },
    {
      "icon": {
        "paths": [
          "M717.2 306.2c-14.1-14-36.9-14-50.9 0.1l-154.3 154.7-154.3-154.7c-14-14.1-36.8-14.1-50.9-0.1s-14.1 36.8-0.1 50.9l154.5 154.9-154.5 154.9c-14 14.1-14 36.9 0.1 50.9 7 7 16.2 10.5 25.4 10.5s18.5-3.5 25.5-10.6l154.3-154.7 154.3 154.8c7 7.1 16.3 10.6 25.5 10.6s18.4-3.5 25.4-10.5c14.1-14 14.1-36.8 0.1-50.9l-154.5-155 154.4-154.9c14.1-14.1 14.1-36.9 0-50.9zM512 0c-282.8 0-512 229.2-512 512s229.2 512 512 512 512-229.2 512-512-229.2-512-512-512zM823.1 823.1c-40.4 40.4-87.5 72.2-139.9 94.3-54.2 23-111.8 34.6-171.2 34.6s-117-11.6-171.2-34.5c-52.4-22.2-99.4-53.9-139.9-94.3-40.4-40.4-72.2-87.5-94.3-139.9-23-54.3-34.6-111.9-34.6-171.3s11.6-117 34.5-171.2c22.2-52.4 53.9-99.4 94.3-139.9 40.4-40.4 87.5-72.2 139.9-94.3 54.3-23 111.9-34.6 171.3-34.6s117 11.6 171.2 34.5c52.4 22.2 99.4 53.9 139.9 94.3 40.4 40.4 72.2 87.5 94.3 139.9 23 54.3 34.6 111.9 34.6 171.3s-11.6 117-34.5 171.2c-22.2 52.4-53.9 99.5-94.4 139.9z"
        ],
        "isMulticolor": false,
        "isMulticolor2": false,
        "tags": [
          "closecircleo"
        ],
        "defaultCode": 58927,
        "grid": 0
      },
      "properties": {
        "id": 48,
        "order": 45,
        "ligatures": "",
        "prevSize": 32,
        "code": 58927,
        "name": "closecircleo"
      },
      "setIdx": 0,
      "setId": 0,
      "iconIdx": 47
    },
    {
      "icon": {
        "paths": [
          "M512 0c-282.8 0-512 229.2-512 512s229.2 512 512 512 512-229.2 512-512-229.2-512-512-512zM772.3 356.4l-359.5 360.7c-0.1 0.1-0.3 0.3-0.4 0.4-2.4 2.6-5.3 4.9-8.5 6.7-5.6 3.2-11.8 4.7-17.8 4.7-12.5 0-24.7-6.5-31.3-18.2l-108.9-190.4c-9.9-17.3-3.9-39.3 13.4-49.1 17.3-9.9 39.3-3.9 49.1 13.4l85.4 149.5 327.5-328.5c14-14.1 36.8-14.1 50.9-0.1 14.1 14.1 14.1 36.9 0.1 50.9z"
        ],
        "isMulticolor": false,
        "isMulticolor2": false,
        "tags": [
          "checkcircle"
        ],
        "defaultCode": 58928,
        "grid": 0
      },
      "properties": {
        "id": 49,
        "order": 46,
        "ligatures": "",
        "prevSize": 32,
        "code": 58928,
        "name": "checkcircle"
      },
      "setIdx": 0,
      "setId": 0,
      "iconIdx": 48
    },
    {
      "icon": {
        "paths": [
          "M721.3 305.6l-327.5 328.5-85.4-149.5c-9.9-17.3-31.8-23.3-49.1-13.4s-23.3 31.8-13.4 49.1l108.8 190.5c6.6 11.6 18.8 18.2 31.3 18.2 6.1 0 12.2-1.5 17.8-4.7 3.2-1.9 6.1-4.1 8.5-6.7 0.1-0.1 0.3-0.3 0.4-0.4l359.5-360.6c14-14.1 14-36.9-0.1-50.9-14-14.2-36.7-14.2-50.8-0.1zM512 0c-282.8 0-512 229.2-512 512s229.2 512 512 512 512-229.2 512-512-229.2-512-512-512zM823.1 823.1c-40.4 40.4-87.5 72.2-139.9 94.3-54.2 23-111.8 34.6-171.2 34.6s-117-11.6-171.2-34.5c-52.4-22.2-99.4-53.9-139.9-94.3-40.4-40.4-72.2-87.5-94.3-139.9-23-54.3-34.6-111.9-34.6-171.3s11.6-117 34.5-171.2c22.2-52.4 53.9-99.4 94.3-139.9 40.4-40.4 87.5-72.2 139.9-94.3 54.3-23 111.9-34.6 171.3-34.6s117 11.6 171.2 34.5c52.4 22.2 99.4 53.9 139.9 94.3 40.4 40.4 72.2 87.5 94.3 139.9 23 54.3 34.6 111.9 34.6 171.3s-11.6 117-34.5 171.2c-22.2 52.4-53.9 99.5-94.4 139.9z"
        ],
        "isMulticolor": false,
        "isMulticolor2": false,
        "tags": [
          "checkcircleo"
        ],
        "defaultCode": 58929,
        "grid": 0
      },
      "properties": {
        "id": 50,
        "order": 47,
        "ligatures": "",
        "prevSize": 32,
        "code": 58929,
        "name": "checkcircleo"
      },
      "setIdx": 0,
      "setId": 0,
      "iconIdx": 49
    },
    {
      "icon": {
        "paths": [
          "M328 799.7c-1.8 0-3.5-0.1-5.3-0.4-12.4-1.7-23.2-9-29.4-19.8l-159.3-278.7c-11-19.2-4.3-43.6 14.9-54.6s43.6-4.3 54.6 14.9l133.2 233.2 491-492.5c15.6-15.6 40.9-15.7 56.6-0.1 15.6 15.6 15.7 40.9 0.1 56.6l-528.1 529.7c-7.6 7.6-17.8 11.7-28.3 11.7z"
        ],
        "isMulticolor": false,
        "isMulticolor2": false,
        "tags": [
          "check"
        ],
        "defaultCode": 58930,
        "grid": 0
      },
      "properties": {
        "id": 51,
        "order": 48,
        "ligatures": "",
        "prevSize": 32,
        "code": 58930,
        "name": "check"
      },
      "setIdx": 0,
      "setId": 0,
      "iconIdx": 50
    },
    {
      "icon": {
        "paths": [
          "M567.7 514.9l254.8-254.6c15.4-15.4 15.4-40.3 0-55.6-15.4-15.4-40.3-15.4-55.6 0l-254.9 254.5-254.9-254.6c-15.4-15.4-40.3-15.4-55.6 0-15.4 15.4-15.4 40.3 0 55.6l254.8 254.6-254.8 254.7c-15.4 15.4-15.4 40.3 0 55.6 7.7 7.7 17.8 11.5 27.8 11.5 10.1 0 20.1-3.8 27.8-11.5l254.9-254.6 254.9 254.7c7.7 7.7 17.7 11.5 27.8 11.5s20.1-3.8 27.8-11.5c15.4-15.4 15.4-40.3 0-55.6l-254.8-254.7z"
        ],
        "isMulticolor": false,
        "isMulticolor2": false,
        "tags": [
          "close"
        ],
        "defaultCode": 58931,
        "grid": 0
      },
      "properties": {
        "id": 52,
        "order": 49,
        "ligatures": "",
        "prevSize": 32,
        "code": 58931,
        "name": "close"
      },
      "setIdx": 0,
      "setId": 0,
      "iconIdx": 51
    },
    {
      "icon": {
        "paths": [
          "M123.8 256.8c0-34.794 28.206-63 63-63s63 28.206 63 63v0c0 34.794-28.206 63-63 63s-63-28.206-63-63v0zM855.7 285.8h-497.8c-19.9 0-36.1-16.2-36.1-36.1v0c0-19.9 16.2-36.1 36.1-36.1h497.9c19.9 0 36.1 16.2 36.1 36.1v0c-0.1 20-16.2 36.1-36.2 36.1zM123.8 512c0-34.794 28.206-63 63-63s63 28.206 63 63v0c0 34.794-28.206 63-63 63s-63-28.206-63-63v0zM855.7 541.1h-497.8c-19.9 0-36.1-16.2-36.1-36.1v0c0-19.9 16.2-36.1 36.1-36.1h497.9c19.9 0 36.1 16.2 36.1 36.1v0c-0.1 19.9-16.2 36.1-36.2 36.1zM123.8 767.2c0-34.794 28.206-63 63-63s63 28.206 63 63v0c0 34.794-28.206 63-63 63s-63-28.206-63-63v0zM855.7 796.3h-497.8c-19.9 0-36.1-16.2-36.1-36.1v0c0-19.9 16.2-36.1 36.1-36.1h497.9c19.9 0 36.1 16.2 36.1 36.1v0c-0.1 20-16.2 36.1-36.2 36.1z"
        ],
        "isMulticolor": false,
        "isMulticolor2": false,
        "tags": [
          "bars"
        ],
        "defaultCode": 58937,
        "grid": 0
      },
      "properties": {
        "id": 58,
        "order": 50,
        "ligatures": "",
        "prevSize": 32,
        "code": 58937,
        "name": "bars"
      },
      "setIdx": 0,
      "setId": 0,
      "iconIdx": 57
    },
    {
      "icon": {
        "paths": [
          "M644.3 263.4c-39.2-41.2-94.5-64.7-151.9-64.7-54.3 0.1-105.3 21.3-143.7 59.8-38.4 38.4-59.5 89.5-59.5 143.8 0 19.9 16.1 36 36 36s36-16.1 36-36c0-72.4 58.9-131.5 131.3-131.6 0.1 0 0.2 0 0.3 0 37.5 0 73.7 15.4 99.2 42.3 22.6 23.8 34.1 54 32.4 85.3-1.4 26.6-2.7 51.7-79.7 128.7-46.3 46.3-88.2 92.4-93.8 148.8-1.9 19.8 12.5 37.4 32.3 39.4 1.2 0.1 2.4 0.2 3.6 0.2 18.3 0 34-13.9 35.8-32.5 2.9-29.5 30.1-62 73-104.9 89.4-89.4 98.3-130.8 100.7-175.7 2.9-51.4-15.6-100.7-52-138.9zM442.8 815.8c0-23.859 19.341-43.2 43.2-43.2s43.2 19.341 43.2 43.2v0c0 23.859-19.341 43.2-43.2 43.2s-43.2-19.341-43.2-43.2v-0z"
        ],
        "isMulticolor": false,
        "isMulticolor2": false,
        "tags": [
          "question"
        ],
        "defaultCode": 58938,
        "grid": 0
      },
      "properties": {
        "id": 59,
        "order": 51,
        "ligatures": "",
        "prevSize": 32,
        "code": 58938,
        "name": "question"
      },
      "setIdx": 0,
      "setId": 0,
      "iconIdx": 58
    },
    {
      "icon": {
        "paths": [
          "M512 0c-282.8 0-512 229.2-512 512s229.2 512 512 512 512-229.2 512-512-229.2-512-512-512zM505.5 812.6c-23.9 0-43.3-19.4-43.3-43.3s19.4-43.3 43.3-43.3c23.9 0 43.3 19.4 43.3 43.3s-19.4 43.3-43.3 43.3zM691.3 391c-2.5 46.3-16.7 82.8-87.7 153.8-36 36-58.7 63-61 86.7-1.8 18.6-17.5 32.5-35.8 32.5-1.2 0-2.4-0.1-3.6-0.2-19.8-1.9-34.2-19.6-32.3-39.4 4.9-49.9 41.5-90.2 81.8-130.5 64.5-64.5 65.6-85 66.7-106.7 1.3-25.3-8-49.8-26.4-69.1-20.9-22-50.5-34.6-81.2-34.6-0.1 0-0.2 0-0.2 0-59.1 0.1-107.3 48.3-107.3 107.5 0 19.9-16.1 36-36 36s-36-16.1-36-36c0-47.9 18.6-92.9 52.4-126.8s78.8-52.6 126.7-52.7c50.5-0.1 99.3 20.7 133.8 57 32.2 33.7 48.5 77.2 46.1 122.5z"
        ],
        "isMulticolor": false,
        "isMulticolor2": false,
        "tags": [
          "questioncircle"
        ],
        "defaultCode": 58939,
        "grid": 0
      },
      "properties": {
        "id": 60,
        "order": 52,
        "ligatures": "",
        "prevSize": 32,
        "code": 58939,
        "name": "questioncircle"
      },
      "setIdx": 0,
      "setId": 0,
      "iconIdx": 59
    },
    {
      "icon": {
        "paths": [
          "M512 0c-282.8 0-512 229.2-512 512s229.2 512 512 512 512-229.2 512-512-229.2-512-512-512zM823.1 823.1c-40.4 40.4-87.5 72.2-139.9 94.3-54.2 23-111.8 34.6-171.2 34.6s-117-11.6-171.2-34.5c-52.4-22.2-99.4-53.9-139.9-94.3-40.4-40.4-72.2-87.5-94.3-139.9-23-54.3-34.6-111.9-34.6-171.3s11.6-117 34.5-171.2c22.2-52.4 53.9-99.4 94.3-139.9 40.4-40.4 87.5-72.2 139.9-94.3 54.3-23 111.9-34.6 171.3-34.6s117 11.6 171.2 34.5c52.4 22.2 99.4 53.9 139.9 94.3 40.4 40.4 72.2 87.5 94.3 139.9 23 54.3 34.6 111.9 34.6 171.3s-11.6 117-34.5 171.2c-22.2 52.4-53.9 99.5-94.4 139.9zM506.8 663.9c-1.2 0-2.4-0.1-3.6-0.2-19.8-1.9-34.2-19.6-32.3-39.4 4.9-49.9 41.5-90.2 81.8-130.5 64.5-64.5 65.6-85 66.7-106.7 1.3-25.3-8-49.8-26.4-69.1-20.9-22-50.5-34.6-81.2-34.6-0.1 0-0.2 0-0.2 0-59.1 0.1-107.3 48.3-107.3 107.5 0 19.9-16.1 36-36 36s-36-16.1-36-36c0-47.9 18.6-92.9 52.4-126.8s78.8-52.6 126.7-52.7c50.5-0.1 99.3 20.7 133.8 57 32.1 33.8 48.5 77.3 46.1 122.5-2.5 46.3-16.7 82.8-87.7 153.8-36 36-58.7 63-61 86.7-1.8 18.6-17.5 32.5-35.8 32.5zM462.2 769.2c0-23.914 19.386-43.3 43.3-43.3s43.3 19.386 43.3 43.3v0c0 23.914-19.386 43.3-43.3 43.3s-43.3-19.386-43.3-43.3v-0z"
        ],
        "isMulticolor": false,
        "isMulticolor2": false,
        "tags": [
          "questioncircleo"
        ],
        "defaultCode": 58940,
        "grid": 0
      },
      "properties": {
        "id": 61,
        "order": 55,
        "ligatures": "",
        "prevSize": 32,
        "code": 58940,
        "name": "questioncircleo"
      },
      "setIdx": 0,
      "setId": 0,
      "iconIdx": 60
    },
    {
      "icon": {
        "paths": [
          "M96.8 200.8h828.1c19.9 0 36-16.1 36-36s-16.1-36-36-36h-828.1c-19.9 0-36 16.1-36 36s16.1 36 36 36zM922.9 445.8h-565.1c-19.9 0-36 16.1-36 36s16.1 36 36 36h565.1c19.9 0 36-16.1 36-36s-16.2-36-36-36zM924.9 823.8h-825.1c-19.9 0-36 16.1-36 36s16.1 36 36 36h825.1c19.9 0 36-16.1 36-36s-16.2-36-36-36zM195.1 615c7 6.9 16.1 10.3 25.2 10.3 9.3 0 18.6-3.6 25.7-10.8 13.9-14.2 13.8-37-0.4-50.9l-95.4-93.8 93.7-88.3c14.5-13.6 15.2-36.4 1.5-50.9-13.6-14.5-36.4-15.1-50.9-1.5l-120.9 114c-7.1 6.7-11.2 16-11.3 25.8s3.8 19.2 10.8 26.1l122 120z"
        ],
        "isMulticolor": false,
        "isMulticolor2": false,
        "tags": [
          "menufold"
        ],
        "defaultCode": 58968,
        "grid": 0
      },
      "properties": {
        "id": 72,
        "order": 56,
        "ligatures": "",
        "prevSize": 32,
        "code": 58968,
        "name": "menufold"
      },
      "setIdx": 0,
      "setId": 0,
      "iconIdx": 71
    },
    {
      "icon": {
        "paths": [
          "M956 398.5c-10.4-31-36.9-53.3-69.2-58.2l-204.7-31.3-91.6-195c-7.3-15.6-18.9-28.5-33.6-37.4-13.5-8.2-29.1-12.5-44.9-12.5-15.9 0-31.4 4.3-44.9 12.5-14.7 8.9-26.3 21.8-33.6 37.4l-91.6 195-204.7 31.3c-32.3 4.9-58.8 27.2-69.2 58.2s-2.6 64.7 20.2 88.1l150.7 154.5-35.6 218c-4.1 25.2 3 50.7 19.5 70.1 16.6 19.5 40.7 30.7 66.2 30.7 14.6 0 29.1-3.8 42-10.9l181-100 181 100.1c12.9 7.1 27.4 10.9 42 10.9 25.5 0 49.6-11.2 66.2-30.7 16.5-19.4 23.6-44.9 19.5-70.1l-35.6-218 150.7-154.5c22.8-23.4 30.5-57.2 20.2-88.2z"
        ],
        "isMulticolor": false,
        "isMulticolor2": false,
        "tags": [
          "star"
        ],
        "defaultCode": 58976,
        "grid": 0
      },
      "properties": {
        "id": 79,
        "order": 57,
        "ligatures": "",
        "prevSize": 32,
        "code": 58976,
        "name": "star"
      },
      "setIdx": 0,
      "setId": 0,
      "iconIdx": 78
    },
    {
      "icon": {
        "paths": [
          "M512 136.1c5.3 0 10.7 2.8 13.4 8.5l104.5 222.7c2.1 4.5 6.3 7.6 11.1 8.3l234.9 35.9c11.9 1.8 16.7 16.3 8.3 24.9l-170.8 175.1c-3.3 3.4-4.8 8.1-4 12.7l40.2 246.6c1.6 9.5-6 17.2-14.6 17.2-2.4 0-4.8-0.6-7.1-1.9l-208.8-115.4c-2.2-1.2-4.7-1.8-7.1-1.8s-4.9 0.6-7.1 1.8l-208.8 115.4c-2.3 1.3-4.8 1.9-7.1 1.9-8.5 0-16.1-7.6-14.6-17.2l40.2-246.6c0.8-4.6-0.7-9.3-4-12.7l-170.9-175.1c-8.4-8.6-3.5-23.1 8.3-24.9l235-35.9c4.9-0.7 9-3.9 11.1-8.3l104.5-222.7c2.7-5.7 8.1-8.5 13.4-8.5M512 64.1c-15.9 0-31.4 4.3-44.9 12.5-14.7 8.9-26.3 21.8-33.6 37.4l-91.6 195-204.7 31.3c-32.3 4.9-58.8 27.2-69.2 58.2s-2.6 64.7 20.2 88.1l150.7 154.5-35.6 218c-4.1 25.2 3 50.7 19.5 70.1 16.6 19.5 40.7 30.7 66.2 30.7 14.6 0 29.1-3.8 42-10.9l181-100 181 100.1c12.9 7.1 27.4 10.9 42 10.9 25.5 0 49.6-11.2 66.2-30.7 16.5-19.4 23.6-44.9 19.5-70.1l-35.6-218 150.7-154.5c22.8-23.4 30.5-57.1 20.2-88.1-10.4-31-36.9-53.3-69.2-58.2l-204.7-31.4-91.6-195c-7.3-15.6-18.9-28.5-33.6-37.4-13.5-8.2-29-12.5-44.9-12.5v0z"
        ],
        "isMulticolor": false,
        "isMulticolor2": false,
        "tags": [
          "staro"
        ],
        "defaultCode": 58977,
        "grid": 0
      },
      "properties": {
        "id": 80,
        "order": 58,
        "ligatures": "",
        "prevSize": 32,
        "code": 58977,
        "name": "staro"
      },
      "setIdx": 0,
      "setId": 0,
      "iconIdx": 79
    },
    {
      "icon": {
        "paths": [
          "M819.4 793c-16.8-39.7-40.9-75.4-71.5-106s-66.3-54.7-106-71.5c-13.5-5.7-27.4-10.5-41.4-14.4 39.6-13.4 75.9-35.8 106.3-66.2 52-52 80.7-121.2 80.7-194.7s-28.6-142.7-80.7-194.7c-52-52-121.2-80.7-194.7-80.7s-142.7 28.6-194.7 80.7c-52 52-80.7 121.2-80.7 194.7s28.6 142.7 80.7 194.7c30.4 30.4 66.7 52.8 106.3 66.2-14 3.9-27.9 8.6-41.4 14.4-39.7 16.8-75.4 40.9-106 71.5s-54.7 66.3-71.5 106c-17.4 41.2-26.2 84.8-26.2 129.9 0 19.9 16.1 36 36 36s36-16.1 36-36c0-69.9 27.2-135.6 76.6-185s115.1-76.6 185-76.6c69.9 0 135.6 27.2 185 76.6s76.6 115.1 76.6 185c0 19.9 16.1 36 36 36s36-16.1 36-36c-0.2-45.1-9-88.7-26.4-129.9zM308.6 340.2c0-112.2 91.3-203.4 203.4-203.4s203.4 91.2 203.4 203.4-91.2 203.4-203.4 203.4-203.4-91.3-203.4-203.4z"
        ],
        "isMulticolor": false,
        "isMulticolor2": false,
        "tags": [
          "user"
        ],
        "defaultCode": 58986,
        "grid": 0
      },
      "properties": {
        "id": 86,
        "order": 91,
        "ligatures": "",
        "prevSize": 32,
        "code": 58986,
        "name": "user"
      },
      "setIdx": 0,
      "setId": 0,
      "iconIdx": 85
    },
    {
      "icon": {
        "paths": [
          "M961.8 439.6l-3.8-24-73.3-24.5c-6.4-19.8-14.4-39.2-23.9-57.7l34.6-69.1-14.2-19.8c-28.8-39.3-63.2-73.7-102.3-102.1l-19.7-14.2-69.1 34.6c-18.6-9.5-37.9-17.5-57.7-23.9l-24.4-73.1-23.8-3.7c-26.5-4.2-49.4-6.2-72.2-6.2-22.2 0-45.2 2-72.3 6.3l-24 3.8-24.4 73.4c-20.2 6.6-39.6 14.6-57.7 23.8l-69-34.7-19.7 14.2c-39.2 28.4-73.6 62.7-102.2 102.1l-14.2 19.8 34.6 69.1c-9.4 18.5-17.4 37.8-23.8 57.6l-73.3 24.3-3.8 24c-4.2 26.5-6.2 50.1-6.2 72.4 0 22.4 2 46 6.2 72.3l3.8 24 73.3 24.5c6.4 19.8 14.4 39.2 23.9 57.7l-34.4 68.9 14.2 19.6c14.8 20.6 30.1 38.7 46.7 55.4 15.5 15.6 33.6 30.9 55.3 46.8l19.7 14.2 69-34.6c18.6 9.5 37.9 17.6 57.7 23.9l24.4 73.4 24 3.8c26.3 4.2 49.9 6.2 72.2 6.2s45.9-2 72.3-6.2l24-3.8 24.4-73.4c19.6-6.4 38.9-14.4 57.6-23.8l69.1 34.6 19.7-14.2c21.5-15.5 39.6-30.8 55.3-46.8 16.3-16.3 31.5-34.5 46.7-55.4l14.2-19.8-34.6-69.1c9.5-18.5 17.5-37.8 23.9-57.7l73.3-24.5 3.8-24c4.2-26.3 6.2-49.9 6.2-72.2 0.3-22.1-1.7-45.8-6.1-72.2zM896.3 511.2v0.5c0 13.5-0.9 27.2-2.6 41.9l-35.4 11.8-31.3 10.6-9.7 31.5c-5.5 18.2-12.8 35.9-21.7 52.7l-15.4 29.1 31.4 62.7c-9.2 11.6-18.3 21.9-27.8 31.4l-0.2 0.2c-9.3 9.4-19.6 18.5-31.2 27.6l-62.5-31.3-29 15.1c-17.1 8.9-35.1 16.3-53.4 22.1l-31.3 9.8-10.2 31-11.8 35.4c-14.6 1.8-28.4 2.6-41.9 2.6-13.4 0-27.2-0.9-41.9-2.6l-11.8-35.4-10.3-31.3-31.5-9.7c-18.6-5.7-36.3-13-52.7-21.7l-29.2-15.2-62.8 31.3c-11.6-9.2-21.9-18.3-31.4-27.8-9.7-9.7-18.8-20-27.8-31.4l31.2-62.5-15.2-29c-9.1-17.4-16.5-35.2-21.9-53l-9.7-31.5-66.6-22.1c-1.8-14.6-2.6-28.4-2.6-41.9s0.9-27.2 2.6-41.9l66.4-22.1 9.7-31.4c5.6-18.1 13-36 21.9-53.2l15.2-29-31.2-62.6c17.5-21.8 37.4-41.7 59.2-59.2l62.6 31.3 29.1-15.3c16.8-8.8 34.7-16.2 53.2-22l31.3-9.8 10.4-31.1 11.8-35.4c15.1-1.7 28.8-2.6 41.8-2.6 13.4 0 27.2 0.9 41.8 2.6l22.2 66.3 31.3 9.7c18.2 5.7 36.1 13.1 53.2 21.9l29 15.2 62.5-31.3c21.8 17.5 41.8 37.4 59.5 59.3l-31.2 62.5 15 28.9c8.9 17.2 16.4 35.2 22.1 53.5l9.8 31.3 66.5 22.2c1.9 15 2.7 28.5 2.5 41.3zM512.2 337.7c-96.1 0-174.3 78.2-174.3 174.3s78.2 174.3 174.3 174.3c96.1 0 174.3-78.2 174.3-174.3s-78.2-174.3-174.3-174.3zM584.5 584.3c-19.3 19.3-45 30-72.3 30s-53-10.6-72.3-30c-19.3-19.3-30-45-30-72.3s10.6-53 30-72.3c19.3-19.3 45-30 72.3-30s53 10.6 72.3 30 30 45 30 72.3-10.7 53-30 72.3z"
        ],
        "isMulticolor": false,
        "isMulticolor2": false,
        "tags": [
          "setting"
        ],
        "defaultCode": 58994,
        "grid": 0
      },
      "properties": {
        "id": 91,
        "order": 59,
        "ligatures": "",
        "prevSize": 32,
        "code": 58994,
        "name": "setting"
      },
      "setIdx": 0,
      "setId": 0,
      "iconIdx": 90
    },
    {
      "icon": {
        "paths": [
          "M924.9 200.8h-828.1c-19.9 0-36-16.1-36-36s16.1-36 36-36h828.1c19.9 0 36 16.1 36 36s-16.2 36-36 36zM98.8 445.8h565.1c19.9 0 36 16.1 36 36s-16.1 36-36 36h-565.1c-19.9 0-36-16.1-36-36s16.1-36 36-36zM96.8 823.8h825.1c19.9 0 36 16.1 36 36s-16.1 36-36 36h-825.1c-19.9 0-36-16.1-36-36s16.1-36 36-36zM826.6 615c-7 6.9-16.1 10.3-25.2 10.3-9.3 0-18.6-3.6-25.7-10.8-13.9-14.2-13.8-37 0.4-50.9l95.4-93.8-93.7-88.3c-14.5-13.6-15.2-36.4-1.5-50.9 13.6-14.5 36.4-15.1 50.9-1.5l120.8 114c7.1 6.7 11.2 16 11.3 25.8s-3.8 19.2-10.8 26.1l-121.9 120z"
        ],
        "isMulticolor": false,
        "isMulticolor2": false,
        "tags": [
          "menuunfold"
        ],
        "defaultCode": 59001,
        "grid": 0
      },
      "properties": {
        "id": 96,
        "order": 60,
        "ligatures": "",
        "prevSize": 32,
        "code": 59001,
        "name": "menuunfold"
      },
      "setIdx": 0,
      "setId": 0,
      "iconIdx": 95
    },
    {
      "icon": {
        "paths": [
          "M909.5 544l-359-362.4c-8-8.1-18.7-12.6-30.2-12.6h-362.3c-34.2 0-62 27.5-62 61.4v223.6c0 11.2 4.4 21.7 12.4 29.7l358.6 354.3c11.8 11.5 27.3 17.9 43.8 17.9s32-6.3 43.8-17.9l28.3-28 28.3 28c11.8 11.5 27.3 17.9 43.8 17.9s32-6.4 43.8-17.9l210.2-207.7c24-23.6 24.2-62.3 0.5-86.3zM280.1 439c-42.6 0-77.2-34.6-77.2-77.2s34.6-77.2 77.2-77.2 77.2 34.6 77.2 77.2c-0.1 42.6-34.6 77.2-77.2 77.2v0zM868.8 589.6l-210.2 207.7c-1 1-2.2 1.4-3.6 1.4s-2.6-0.5-3.6-1.4l-32.1-31.7 141.3-139.6c21.7-21.4 21.8-56.1 0.4-77.8l-319-322.1h72.2l354.6 358.1c0.3 0.3 1.1 1.2 1.1 2.7 0.1 1.4-0.5 2.2-1.1 2.7v0zM280.1 335.9c-14.3 0-26 11.7-26 26s11.7 26 26 26 26-11.7 26-26-11.7-26-26-26v0z"
        ],
        "isMulticolor": false,
        "isMulticolor2": false,
        "tags": [
          "tags"
        ],
        "defaultCode": 59005,
        "grid": 0
      },
      "properties": {
        "id": 100,
        "order": 87,
        "ligatures": "",
        "prevSize": 32,
        "code": 59005,
        "name": "tags"
      },
      "setIdx": 0,
      "setId": 0,
      "iconIdx": 99
    },
    {
      "icon": {
        "paths": [
          "M280.1 278.7c-45.9 0-83.2 37.3-83.2 83.2s37.3 83.2 83.2 83.2c45.8 0 83.1-37.4 83.1-83.3-0-45.8-37.3-83.1-83.1-83.1zM280.1 381.9c-11 0-20-9-20-20s9-20 20-20 20 9 20 20-9 20-20 20zM909.5 544l-359-362.4c-8-8.1-18.7-12.6-30.2-12.6h-362.3c-34.2 0-62 27.5-62 61.4v223.6c0 11.2 4.4 21.7 12.4 29.7l358.6 354.3c11.8 11.5 27.3 17.9 43.8 17.9s32-6.3 43.8-17.9l28.3-28 28.3 28c11.8 11.5 27.3 17.9 43.8 17.9s32-6.4 43.8-17.9l210.2-207.7c24-23.6 24.2-62.3 0.5-86.3zM764.8 630.3c11.7-11.4 18.1-26.7 18.2-43s-6.2-31.7-17.7-43.3l-308.9-311.9h55.3l351.3 354.8-208 205.5-27.2-26.8 137-135.3zM159.2 445v-212.9h208.3l351.2 354.6-140.1 138.5-36.3 36.1-31.5 31.1-351.6-347.4z"
        ],
        "isMulticolor": false,
        "isMulticolor2": false,
        "tags": [
          "tagso"
        ],
        "defaultCode": 59006,
        "grid": 0
      },
      "properties": {
        "id": 101,
        "order": 88,
        "ligatures": "",
        "prevSize": 32,
        "code": 59006,
        "name": "tagso"
      },
      "setIdx": 0,
      "setId": 0,
      "iconIdx": 100
    },
    {
      "icon": {
        "paths": [
          "M178.086 945.957c-1.094-0.391-2.207-0.898-3.301-1.406 1.211 0.508 2.207 1.016 3.301 1.406zM169.512 941.875c-1.504-0.898-2.988-1.797-4.395-2.793 1.387 0.996 2.891 1.895 4.395 2.793zM950.391 203.438c-6.797-6.797-16.68-10.586-26.27-10.586h-184.375v-57.441c0-38.848-31.563-70.41-70.41-70.41h-314.727c-38.848 0-70.41 31.563-70.41 70.41v57.441l-185.312 0c-19.668 0-35.762 15.977-35.762 35.762s15.977 35.762 35.762 35.762h31.563v622.363c0 38.848 31.563 70.41 70.41 70.41h632.266c38.848 0 70.41-31.563 70.41-70.41v-622.363h20.566c19.668 0 36.758-15.977 36.758-35.762 0.020-9.492-3.672-18.379-10.469-25.176zM354.492 135.625h314.531v57.832h-314.531v-57.832zM833.027 886.641h-632.168v-622.266h632.148v622.266zM511.504 384.219c-19.883 0-35.957 16.074-35.957 35.957v333.613c0 19.883 16.074 35.957 35.957 35.957s35.957-16.074 35.957-35.957l0-333.613c0-19.863-16.074-35.957-35.957-35.957zM316.738 384.219c-19.883 0-35.957 16.074-35.957 35.957v333.613c0 19.883 16.074 35.957 35.957 35.957s35.957-16.074 35.957-35.957l0-333.613c0-19.863-16.094-35.957-35.957-35.957zM704.277 384.219c-19.883 0-35.957 16.074-35.957 35.957v333.613c0 19.883 16.074 35.957 35.957 35.957s35.957-16.074 35.957-35.957v-333.613c0-19.863-16.074-35.957-35.957-35.957z"
        ],
        "isMulticolor": false,
        "isMulticolor2": false,
        "tags": [
          "delete"
        ],
        "defaultCode": 59039,
        "grid": 0
      },
      "properties": {
        "id": 121,
        "order": 3,
        "ligatures": "",
        "prevSize": 32,
        "code": 59039,
        "name": "delete"
      },
      "setIdx": 0,
      "setId": 0,
      "iconIdx": 120
    },
    {
      "icon": {
        "paths": [
          "M303.3 167.6c0.9 6.7 1.3 13.6 1.1 20.5l-1.1 36.2 28.3 22.5 244.7 194 36.8-12c29-9.5 59.3-14.3 90-14.3 32.4 0 64.3 5.4 94.8 15.9 17.9 6.2 35.1 14.2 51.4 23.7l-394.4 396.1c-17.5-29.5-29.7-62.2-35.8-96.1-8.4-47-5-95.8 9.8-141.1l12-36.8-24-30.3-192.5-242.7-36.2 1.1c-1.2 0-2.5 0.1-3.7 0.1-5.7 0-11.4-0.4-17-1.2l135.8-135.6M317.9 65.1c-8.5 0-17.1 3.2-23.7 9.8l-219.4 218.9c-15 15-12.6 40 5.2 51.6 31.7 20.6 68.1 30.9 104.5 30.9 2 0 4 0 6-0.1l170 214.4c-37.2 113.9-16.3 242.5 62.7 339.6 6.9 8.4 16.8 12.7 26.7 12.7 8.8 0 17.5-3.3 24.3-10.1l206-206.8 223.2 223.2c6.4 6.4 14.7 9.5 23 9.5s16.7-3.2 23-9.5c12.7-12.7 12.7-33.4 0-46.1l-223.3-223.2 206-206.8c14.4-14.4 13-38.1-2.8-51-65.8-53.1-146-79.7-226.1-79.7-38 0-75.9 6-112.4 17.9l-214.4-170c1.2-38.3-9-76.8-30.6-110.1-6.5-9.9-17.1-15.1-27.9-15.1v0z"
        ],
        "isMulticolor": false,
        "isMulticolor2": false,
        "tags": [
          "pushpino"
        ],
        "defaultCode": 59041,
        "grid": 0
      },
      "properties": {
        "id": 123,
        "order": 63,
        "ligatures": "",
        "prevSize": 32,
        "code": 59041,
        "name": "pushpino"
      },
      "setIdx": 0,
      "setId": 0,
      "iconIdx": 122
    },
    {
      "icon": {
        "paths": [
          "M949.4 903.2l-223.3-223.3 206-206.8c14.4-14.4 13-38.1-2.8-51-97-78.3-225.1-98.9-338.5-61.8l-214.4-170c1.2-38.3-9-76.8-30.6-110.1-11.5-17.8-36.6-20.2-51.6-5.3l-219.4 218.9c-15 15-12.6 40 5.2 51.6 33.4 21.7 72.1 32 110.5 30.8l170 214.4c-37.2 113.9-16.3 242.5 62.7 339.6 12.9 15.8 36.6 17.1 51 2.6l206-206.8 223.2 223.2c6.4 6.4 14.7 9.5 23 9.5s16.7-3.2 23-9.5c12.8-12.6 12.8-33.3-0-46z"
        ],
        "isMulticolor": false,
        "isMulticolor2": false,
        "tags": [
          "pushpin"
        ],
        "defaultCode": 59042,
        "grid": 0
      },
      "properties": {
        "id": 124,
        "order": 64,
        "ligatures": "",
        "prevSize": 32,
        "code": 59042,
        "name": "pushpin"
      },
      "setIdx": 0,
      "setId": 0,
      "iconIdx": 123
    },
    {
      "icon": {
        "paths": [
          "M1000.1 247.9c-15.5-37.3-37.6-70.6-65.7-98.9-54.4-54.8-125.8-85-201-85-85.7 0-166 39-221.4 107.4-55.4-68.4-135.7-107.4-221.4-107.4-75.1 0-146.5 30.4-201.1 85.6-28.2 28.5-50.4 61.9-65.8 99.3-16 38.8-24 79.9-23.6 122.2 0.7 91.7 40.1 177.2 108.1 234.8 3.1 2.6 6 5.1 8.9 7.8 14.9 13.4 58 52.8 112.6 102.7 93.5 85.5 209.9 191.9 257.5 234.2 7 6.1 15.8 9.5 24.9 9.5 9.2 0 18.1-3.4 24.9-9.5 34.5-30.7 105.8-95.9 181.4-165 74.2-67.8 150.9-138 195.8-178.2 69.5-57.9 109.6-144.4 109.9-237.3 0.1-42.5-8-83.6-24-122.2z"
        ],
        "width": 1025,
        "isMulticolor": false,
        "isMulticolor2": false,
        "tags": [
          "heart"
        ],
        "defaultCode": 59043,
        "grid": 0
      },
      "properties": {
        "id": 125,
        "order": 65,
        "ligatures": "",
        "prevSize": 32,
        "code": 59043,
        "name": "heart"
      },
      "setIdx": 0,
      "setId": 0,
      "iconIdx": 124
    },
    {
      "icon": {
        "paths": [
          "M1000.1 247.9c-15.5-37.3-37.6-70.6-65.7-98.9-54.4-54.8-125.8-85-201-85-85.7 0-166 39-221.4 107.4-55.4-68.4-135.7-107.4-221.4-107.4-75.1 0-146.5 30.4-201.1 85.6-28.2 28.5-50.4 61.9-65.8 99.3-16 38.8-24 79.9-23.6 122.2 0.7 91.7 40.1 177.2 108.1 234.8 3.1 2.6 6 5.1 8.9 7.8 14.9 13.4 58 52.8 112.6 102.7 93.5 85.5 209.9 191.9 257.5 234.2 7 6.1 15.8 9.5 24.9 9.5 9.2 0 18.1-3.4 24.9-9.5 34.5-30.7 105.8-95.9 181.4-165 74.2-67.8 150.9-138 195.8-178.2 69.5-57.9 109.6-144.4 109.9-237.3 0.1-42.5-8-83.6-24-122.2zM567.8 224.4c40.9-53.2 101.2-83.7 165.6-83.7 54.8 0 106.9 22.2 146.8 62.4 20.9 21 37.5 45.9 49.2 74.1 12 29.1 18.1 60.2 18.1 92.3-0.1 35.5-7.7 69.6-22.7 101.3-14.3 29.9-34.9 56.7-59.7 77.5l-1.8 1.6c-38.9 34.9-105.4 95.4-197.5 179.8-72 65.9-121.1 110.7-153.7 140.2-49.7-44.9-130.7-118.8-202.3-184.2l-47.3-43.2c-45.2-41.4-80.9-74-94.2-85.9-0.8-0.7-1.6-1.4-2.4-2.2-2.6-2.3-5.3-4.7-8.2-7.1-51-43.3-80.5-107.7-81-176.7-0.2-32 5.8-63 17.8-92.2 11.8-28.4 28.4-53.5 49.4-74.6 40.2-40.6 92.4-62.9 146.8-62.9 64.3 0 124.7 30.4 165.6 83.5 13.3 17.2 34.1 27.4 55.8 27.4 21.6 0.1 42.5-10.2 55.7-27.4z"
        ],
        "width": 1025,
        "isMulticolor": false,
        "isMulticolor2": false,
        "tags": [
          "hearto"
        ],
        "defaultCode": 59044,
        "grid": 0
      },
      "properties": {
        "id": 126,
        "order": 66,
        "ligatures": "",
        "prevSize": 32,
        "code": 59044,
        "name": "hearto"
      },
      "setIdx": 0,
      "setId": 0,
      "iconIdx": 125
    },
    {
      "icon": {
        "paths": [
          "M487.5 74.1c6.7-6.7 15.6-10.1 24.5-10.1s17.7 3.4 24.5 10.1l155.8 155.9c13.5 13.5 13.5 35.4 0 48.9-6.5 6.5-15.2 10.1-24.4 10.1s-17.9-3.6-24.4-10.1l-96.9-96.9v577.8c0 19.1-15.5 34.6-34.6 34.6s-34.6-15.5-34.6-34.6v-577.8l-96.9 96.9c-13.5 13.5-35.4 13.5-48.8 0-13.5-13.5-13.5-35.4-0.1-48.9l155.9-155.9zM924.4 640.4c-19.1 0-34.6 15.5-34.6 34.6v195.4c0 11.3-9.2 20.6-20.6 20.6h-716.5c-11.3 0-20.6-9.2-20.6-20.6v-195.5c0-19.1-15.5-34.6-34.6-34.6s-34.5 15.6-34.5 34.6v222.9c0 34.3 27.9 62.1 62.1 62.1h771.8c34.3 0 62.1-27.9 62.1-62.1v-222.9c0-19-15.5-34.5-34.6-34.5z"
        ],
        "isMulticolor": false,
        "isMulticolor2": false,
        "tags": [
          "upload"
        ],
        "defaultCode": 59062,
        "grid": 0
      },
      "properties": {
        "id": 135,
        "order": 90,
        "ligatures": "",
        "prevSize": 32,
        "code": 59062,
        "name": "upload"
      },
      "setIdx": 0,
      "setId": 0,
      "iconIdx": 134
    },
    {
      "icon": {
        "paths": [
          "M487.5 784.3c6.7 6.7 15.6 10.1 24.5 10.1s17.7-3.4 24.5-10.1l155.9-155.9c13.5-13.5 13.5-35.4 0-48.9-6.5-6.5-15.2-10.1-24.4-10.1s-17.9 3.6-24.4 10.1l-96.9 96.9v-577.8c0-19.1-15.5-34.6-34.6-34.6s-34.6 15.5-34.6 34.6v577.8l-96.9-96.9c-13.5-13.5-35.4-13.5-48.8 0-13.5 13.5-13.5 35.4-0.1 48.9l155.8 155.9zM924.4 640.4c-19.1 0-34.6 15.5-34.6 34.6v195.4c0 11.3-9.2 20.6-20.6 20.6h-716.5c-11.3 0-20.6-9.2-20.6-20.6v-195.5c0-19.1-15.5-34.6-34.6-34.6s-34.5 15.6-34.5 34.6v222.9c0 34.3 27.9 62.1 62.1 62.1h771.8c34.3 0 62.1-27.9 62.1-62.1v-222.9c0-19-15.5-34.5-34.6-34.5z"
        ],
        "isMulticolor": false,
        "isMulticolor2": false,
        "tags": [
          "download"
        ],
        "defaultCode": 59063,
        "grid": 0
      },
      "properties": {
        "id": 136,
        "order": 89,
        "ligatures": "",
        "prevSize": 32,
        "code": 59063,
        "name": "download"
      },
      "setIdx": 0,
      "setId": 0,
      "iconIdx": 135
    },
    {
      "icon": {
        "paths": [
          "M962.8 605.1c0-1.2-0.1-2.3-0.2-3.5-0.5-5.8-1.8-11.6-3.7-17.2-2.3-6.7-5.6-13.2-10-19.2-2.2-3-4.6-5.9-7.3-8.6l-478.4-482.8c-2.8-2.9-6-5.4-9.4-7.4-7.5-4.5-16.1-7-25.1-7h-290.6c-41.2 0-74.6 33-74.6 73.8v298.2c0 3.2 0.3 6.3 0.9 9.3 0.2 0.8 0.3 1.5 0.5 2.3 0.6 2.3 1.3 4.5 2.2 6.6 0.3 0.7 0.6 1.4 1 2.1 2.3 4.9 5.5 9.4 9.5 13.4l477.8 472c5.5 5.4 11.6 9.8 18.1 13.2 10.8 5.6 22.8 8.4 34.7 8.4 9.6 0 19.1-1.8 28.1-5.4s17.4-9 24.7-16.2l280-276.8c1.7-1.7 3.3-3.4 4.8-5.2 2-2.4 3.8-4.9 5.4-7.4 1.1-1.7 2.1-3.4 3-5.1s1.7-3.3 2.4-5c0.4-0.9 0.8-1.8 1.1-2.7 3.9-9.6 5.5-19.7 5.1-29.8zM264.4 335.6c-39.3 0-71.2-31.9-71.2-71.2s31.9-71.2 71.2-71.2 71.2 31.9 71.2 71.2-31.9 71.2-71.2 71.2z"
        ],
        "isMulticolor": false,
        "isMulticolor2": false,
        "tags": [
          "tag"
        ],
        "defaultCode": 59090,
        "grid": 0
      },
      "properties": {
        "id": 162,
        "order": 98,
        "ligatures": "",
        "prevSize": 32,
        "code": 59090,
        "name": "tag"
      },
      "setIdx": 0,
      "setId": 0,
      "iconIdx": 161
    },
    {
      "icon": {
        "paths": [
          "M962.8 605.1c0-1.2-0.1-2.3-0.2-3.5-0.5-5.8-1.8-11.6-3.7-17.2-2.3-6.7-5.6-13.2-10-19.2-2.2-3-4.6-5.9-7.3-8.6l-478.4-482.8c-2.8-2.9-6-5.4-9.4-7.4-7.5-4.5-16.1-7-25.1-7h-290.6c-41.2 0-74.6 33-74.6 73.8v298.2c0 3.2 0.3 6.3 0.9 9.3 0.2 0.8 0.3 1.5 0.5 2.3 0.6 2.3 1.3 4.5 2.2 6.6 0.3 0.7 0.6 1.4 1 2.1 2.3 4.9 5.5 9.4 9.5 13.4l477.8 472c5.5 5.4 11.6 9.8 18.1 13.2 10.8 5.6 22.8 8.4 34.7 8.4 9.6 0 19.1-1.8 28.1-5.4s17.4-9 24.7-16.2l280-276.8c1.7-1.7 3.3-3.4 4.8-5.2 2-2.4 3.8-4.9 5.4-7.4 1.1-1.7 2.1-3.4 3-5.1s1.7-3.3 2.4-5c0.4-0.9 0.8-1.8 1.1-2.7 3.9-9.6 5.5-19.7 5.1-29.8zM890.8 608.6v0c0 0.1 0 0.1 0 0.1s0 0 0 0.1c-0.1 0.1-0.1 0.2-0.1 0.2s0 0 0 0c-0.1 0.1-0.2 0.2-0.2 0.2s0 0 0 0l-280.1 276.6c-0.3 0.3-0.6 0.5-0.9 0.6-0.4 0.1-0.8 0.2-1.3 0.2-0.6 0-1.1-0.1-1.5-0.3-0.2-0.1-0.4-0.3-0.7-0.5l-470.5-464.8v-287.9c0-0.6 0.9-1.8 2.6-1.8h280.7l471.5 475.8c0.1 0.1 0.2 0.2 0.3 0.3s0.1 0.2 0.2 0.3c0 0.1 0.1 0.2 0.1 0.3 0 0 0 0 0 0.1s0 0.3-0.1 0.5zM193.2 264.4c-0-39.323 31.877-71.2 71.2-71.2s71.2 31.877 71.2 71.2v0c0 39.323-31.877 71.2-71.2 71.2s-71.2-31.877-71.2-71.2h-0z"
        ],
        "isMulticolor": false,
        "isMulticolor2": false,
        "tags": [
          "tago"
        ],
        "defaultCode": 59091,
        "grid": 0
      },
      "properties": {
        "id": 163,
        "order": 99,
        "ligatures": "",
        "prevSize": 32,
        "code": 59091,
        "name": "tago"
      },
      "setIdx": 0,
      "setId": 0,
      "iconIdx": 162
    },
    {
      "icon": {
        "paths": [
          "M952 192h-463l-25-77.9c-9.5-29.9-37.2-50.1-68.6-50.1h-323.4c-39.8 0-72 32.2-72 72v688c0 39.8 32.2 72 72 72h880c39.8 0 72-32.2 72-72v-560c0-39.8-32.2-72-72-72zM72 136h323.4l17.9 56h-341.3v-56zM952 824h-880v-560h880v560z"
        ],
        "isMulticolor": false,
        "isMulticolor2": false,
        "tags": [
          "folder1"
        ],
        "defaultCode": 58978,
        "grid": 0
      },
      "properties": {
        "id": 165,
        "order": 79,
        "ligatures": "",
        "prevSize": 32,
        "code": 58978,
        "name": "folder1"
      },
      "setIdx": 0,
      "setId": 0,
      "iconIdx": 164
    },
    {
      "icon": {
        "paths": [
          "M988 640h-156v-156c0-19.9-16.1-36-36-36s-36 16.1-36 36v156h-148c-19.9 0-36 16.1-36 36s16.1 36 36 36h148v148c0 19.9 16.1 36 36 36s36-16.1 36-36v-148h156c19.9 0 36-16.1 36-36s-16.1-36-36-36zM952 192h-463l-25-77.9c-9.5-29.9-37.2-50.1-68.6-50.1h-323.4c-39.8 0-72 32.2-72 72v688c0 39.8 32.2 72 72 72h468c19.9 0 36-16.1 36-36s-16.1-36-36-36h-468v-560h880v148c0 19.9 16.1 36 36 36s36-16.1 36-36v-148c0-39.8-32.2-72-72-72zM72 192v-56h323.4l17.9 56h-341.3z"
        ],
        "isMulticolor": false,
        "isMulticolor2": false,
        "tags": [
          "addfolder"
        ],
        "defaultCode": 59668,
        "grid": 0
      },
      "properties": {
        "id": 168,
        "order": 80,
        "ligatures": "",
        "prevSize": 32,
        "code": 59668,
        "name": "addfolder"
      },
      "setIdx": 0,
      "setId": 0,
      "iconIdx": 167
    },
    {
      "icon": {
        "paths": [
          "M960 384.4v-120.4c0-39.8-32.2-72-72-72h-399l-25-77.9c-9.5-29.9-37.2-50.1-68.6-50.1h-323.4c-39.8 0-72 32.2-72 72v688.3c0 3.5 0.3 7 0.8 10.4 0 0.1 0 0.3 0.1 0.4 0.2 1 0.3 2 0.5 3 0.1 0.3 0.1 0.6 0.2 0.8 0.2 0.8 0.4 1.7 0.6 2.5 0.1 0.5 0.3 1 0.4 1.5l0.3 1.2c0.3 1.1 0.6 2.1 1 3.1v0.1c3.7 10.8 9.9 20.4 18 28.2l0.2 0.2c0.8 0.7 1.5 1.4 2.3 2.1 0.4 0.3 0.8 0.7 1.1 1 0.4 0.3 0.7 0.6 1.1 0.9 0.6 0.5 1.3 1 2 1.6 0.2 0.1 0.4 0.3 0.6 0.4 0.8 0.6 1.7 1.2 2.5 1.8 0.1 0 0.1 0.1 0.2 0.1 9.4 6.3 20.4 10.6 32.5 11.8 0.2 0 0.3 0 0.5 0.1 1.1 0.1 2.1 0.2 3.2 0.2h0.6c1.1 0 2.2 0.1 3.3 0.1h788c33 0 61.8-22.5 69.9-54.5l92-368c10.6-42.6-19.3-84.2-61.9-88.9zM72 136h323.2l41.2 128h451.6v120h-724c-33 0-61.8 22.5-69.9 54.5l-22.1 88.8v-391.3zM860 824h-788l92-368h788l-92 368z"
        ],
        "isMulticolor": false,
        "isMulticolor2": false,
        "tags": [
          "folderopen"
        ],
        "defaultCode": 59033,
        "grid": 0
      },
      "properties": {
        "id": 169,
        "order": 78,
        "ligatures": "",
        "prevSize": 32,
        "code": 59033,
        "name": "folderopen"
      },
      "setIdx": 0,
      "setId": 0,
      "iconIdx": 168
    },
    {
      "icon": {
        "paths": [
          "M949.5 898.5l-205.7-205.6c55.1-66.5 88.2-151.8 88.2-244.9 0-212.1-171.9-384-384-384s-384 171.9-384 384 171.9 384 384 384c93.1 0 178.4-33.1 244.9-88.2l205.7 205.7c7 7 16.2 10.5 25.5 10.5s18.4-3.5 25.5-10.5c13.9-14.1 13.9-36.9-0.1-51zM569.4 735.5c-38.4 16.3-79.2 24.5-121.4 24.5s-83-8.2-121.4-24.5c-37.1-15.7-70.5-38.2-99.2-66.9s-51.2-62.1-66.9-99.2c-16.3-38.4-24.5-79.2-24.5-121.4s8.2-83 24.5-121.4c15.7-37.1 38.2-70.5 66.9-99.2s62.1-51.2 99.2-66.9c38.4-16.3 79.2-24.5 121.4-24.5s83 8.2 121.4 24.5c37.1 15.7 70.5 38.2 99.2 66.9s51.2 62.1 66.9 99.2c16.3 38.4 24.5 79.2 24.5 121.4s-8.2 83-24.5 121.4c-15.7 37.1-38.2 70.5-66.9 99.2s-62 51.2-99.2 66.9z"
        ],
        "isMulticolor": false,
        "isMulticolor2": false,
        "tags": [
          "search1"
        ],
        "defaultCode": 58992,
        "grid": 0
      },
      "properties": {
        "id": 170,
        "order": 95,
        "ligatures": "",
        "prevSize": 32,
        "code": 58992,
        "name": "search1"
      },
      "setIdx": 0,
      "setId": 0,
      "iconIdx": 169
    },
    {
      "icon": {
        "paths": [
          "M888 128h-120v-28c0-19.9-16.1-36-36-36s-36 16.1-36 36v28h-368v-28c0-19.9-16.1-36-36-36s-36 16.1-36 36v28h-120c-39.8 0-72 32.2-72 72v688c0 39.8 32.2 72 72 72h752c39.8 0 72-32.3 72-72v-688c0-39.8-32.2-72-72-72zM136 200h120v20c0 19.9 16.1 36 36 36s36-16.1 36-36v-20h368v20c0 19.9 16.1 36 36 36s36-16.1 36-36v-20h120v112h-752v-112zM888 888h-752v-504h752v504zM288 512h64c17.7 0 32 14.3 32 32s-14.3 32-32 32h-64c-17.7 0-32-14.3-32-32s14.3-32 32-32zM480 512h64c17.7 0 32 14.3 32 32s-14.3 32-32 32h-64c-17.7 0-32-14.3-32-32s14.3-32 32-32zM672 512h64c17.7 0 32 14.3 32 32s-14.3 32-32 32h-64c-17.7 0-32-14.3-32-32s14.3-32 32-32zM288 706h64c17.7 0 32 14.3 32 32s-14.3 32-32 32h-64c-17.7 0-32-14.3-32-32s14.3-32 32-32zM480 706h64c17.7 0 32 14.3 32 32s-14.3 32-32 32h-64c-17.7 0-32-14.3-32-32s14.3-32 32-32z"
        ],
        "isMulticolor": false,
        "isMulticolor2": false,
        "tags": [
          "calendar"
        ],
        "defaultCode": 59067,
        "grid": 0
      },
      "properties": {
        "id": 172,
        "order": 2,
        "ligatures": "",
        "prevSize": 32,
        "code": 59067,
        "name": "calendar"
      },
      "setIdx": 0,
      "setId": 0,
      "iconIdx": 171
    },
    {
      "icon": {
        "paths": [
          "M958.4 475.1l-0.9-3c-0.5-1.6-1-3-1.2-4-12.3-48.4-43-68.4-66.6-76.7-16-5.4-32.7-8.1-49.5-8.1h-0.8c-29.2-0.2-58.6-0.2-87.9-0.2-21.5 0-43 0.1-64.1 0.1h-21.6c2.3-14 4.5-27.4 7.1-40.8 8.8-44.9 7.2-84.1-5.1-119.8-7.6-22.2-16.1-44.3-24.2-65.6-3-7.9-6-15.8-9-23.6-10.1-27-28.2-46.1-53.7-56.8-19.5-8.5-39.3-12.6-58.8-12.6-22.6 0-44.7 5.5-65.8 16.5-33.1 17.3-50.9 46.8-49.9 83.1 0.3 12 0.6 24.3 0.8 36.2 0.4 20.2 0.8 41.1 1.7 61.7 0.3 3.4-0.4 6.9-2.2 9.9-7.3 12.7-14.8 25.5-22 38.1-17.1 29.8-34.8 60.7-53.1 90-26.5 42.1-82.4 48.5-82.4 48.5h-113.2c-39.8 0-72 32.2-72 72v368c0 39.8 32.2 72 72 72h248.3c52.8 0 106.2-0.2 159.2-0.2 33.8 0 67.5 0.2 100.7 0.2h93.9c21.2 0 46.3-1.4 72-9.8 53.6-17.5 88.2-61.2 92.4-116.8 1.4-15.3 0.5-30.8-2.6-45.9 16.9-26.4 24.5-54.3 22.7-83.1-0.6-8.2-2.1-16.4-4.4-24.3 16.1-24 23.8-49.7 23.1-76.6-0.5-10-2.2-19.9-4.9-29.6 9.2-13.6 15.9-28.6 19.7-44.6l3.9-5.1v-44l-1.6-5.1zM248 888h-112v-368h112v368zM888 504.8l-1.9 7.8c-1.8 7.6-5 14.7-9.3 21.1l-18.9 27.9 9.3 32.4c1.2 4.1 1.9 8.4 2.2 12.7 0.2 11.5-3.3 22.2-10.9 33.5l-18.8 28 9.5 32.3c0.9 2.9 1.4 5.9 1.6 8.9 0.7 13.2-3 26.1-11.6 39.4l-15.8 25 5.3 25.2 0.8 3.4c1.7 8 2.2 16.2 1.4 24.3l-0.1 0.6v0.6c-1 13-5.1 24.2-12.3 33.3-7.3 9.2-17.6 16.3-30.6 20.5-16.1 5.3-33.4 6.2-49.7 6.2h-93.9c-16.5 0-33.1-0.2-49.9-0.2-16.9 0-33.8-0.1-50.8-0.1-47.6 0-103.7 0.3-159.4 0.3h-63.9l0.8-387.7c30.4-14.8 54.9-36.1 71.5-62.4l0.2-0.4c18.7-30 36.5-61 53.7-91l0.7-1.1 0.2-0.2c4.5-7.9 9.3-16.2 13.9-24.2 2.6-4.5 5.2-8.9 7.7-13.3 9-15.3 13.1-32.7 11.9-50.3-0.8-18.9-1.2-38.4-1.5-57.2v-1.7c-0.3-13.7-0.5-25.3-0.8-36.8-0.2-6.1 1.4-8.7 1.9-9.6 2-3.4 6.2-6.1 9.4-7.7 10.7-5.6 21.3-8.3 32.4-8.3 9.9 0 20.4 2.3 31.1 6.7 6 2.5 10.5 6 14.1 15.7 3 7.9 6.1 16 9.1 24 9 23.5 16.4 43.1 23.4 63.3 8 23.4 8.9 50.4 2.5 82.5-2.7 13.8-5 27.2-7.6 43.1l-13.8 83.7h106.2c10.5 0 21.1 0 31.8-0.1h32.3c25.8 0 56.3 0 87.3 0.3l1-0.2h0.4c8.8 0 17.5 1.5 25.9 4.2 7.9 2.9 15.8 8.3 20.4 26.4 0.5 2.1 1.6 4 1.6 5.6v13.6z"
        ],
        "isMulticolor": false,
        "isMulticolor2": false,
        "tags": [
          "like2"
        ],
        "defaultCode": 59037,
        "grid": 0
      },
      "properties": {
        "id": 217,
        "order": 83,
        "ligatures": "",
        "prevSize": 32,
        "code": 59037,
        "name": "like2"
      },
      "setIdx": 0,
      "setId": 0,
      "iconIdx": 216
    },
    {
      "icon": {
        "paths": [
          "M960 543.6v-44l-3.9-5.1c-3.9-15.9-10.5-31-19.7-44.6 2.8-9.6 4.4-19.5 4.9-29.6 0.8-26.8-6.9-52.5-23.1-76.6 2.3-7.9 3.8-16.1 4.4-24.3 1.8-28.7-5.8-56.6-22.7-83.1 3.2-15.1 4-30.6 2.6-45.9-4.2-55.5-38.8-99.2-92.4-116.8-25.7-8.4-50.8-9.8-72-9.8h-93.9c-33.2 0-66.9 0.2-100.7 0.2-53 0-106.3-0.2-159.2-0.2h-248.3c-39.8 0-72 32.2-72 72v368c0 39.8 32.2 72 72 72h113.2s55.9 6.4 82.4 48.5c18.3 29.3 36 60.2 53.1 90 7.2 12.6 14.7 25.4 22 38.1 1.8 3 2.6 6.4 2.2 9.9-0.9 20.7-1.3 41.6-1.7 61.7-0.2 11.9-0.5 24.2-0.8 36.2-1 36.2 16.8 65.7 49.9 83.1 21 11 43.2 16.5 65.8 16.5 19.5 0 39.3-4.1 58.9-12.3 25.5-10.7 43.5-29.8 53.7-56.8 3-7.9 6-15.8 9-23.6 8.2-21.3 16.6-43.4 24.2-65.6 12.3-35.7 13.9-74.9 5.1-119.8-2.6-13.4-4.9-26.8-7.1-40.8h21.6c21.1 0 42.5 0.1 64.1 0.1 29.2 0 58.7 0 87.9-0.2h0.8c16.8 0 33.5-2.7 49.5-8.1 23.6-8.4 54.3-28.4 66.6-76.7 0.3-1 0.7-2.5 1.2-4l0.9-3 1.5-5.4zM248 504h-112v-368h112v368zM888 532.8c0 1.5-1 3.5-1.6 5.6-4.6 18.1-12.5 23.5-20.4 26.4-8.4 2.8-17.1 4.2-25.9 4.2h-0.4l-1-0.2c-31 0.2-61.5 0.3-87.3 0.3h-32.3c-10.7 0-21.2-0.1-31.8-0.1h-106.2l13.6 83.6c2.6 15.9 4.9 29.4 7.6 43.1 6.3 32.2 5.5 59.1-2.5 82.5-7 20.2-14.4 39.8-23.4 63.3-3.1 8-6.1 16.1-9.1 24-3.6 9.6-8.1 13.1-14.1 15.7-10.7 4.5-21.1 6.7-31.1 6.7-11.1 0-21.7-2.7-32.4-8.3-3.1-1.6-7.3-4.3-9.4-7.7-0.5-0.8-2.1-3.4-1.9-9.6 0.3-11.5 0.6-23 0.8-36.8v-1.7c0.4-18.8 0.8-38.3 1.5-57.2 1.2-17.7-2.9-35-11.9-50.3-2.6-4.4-5.1-8.9-7.7-13.3-4.6-8-9.4-16.2-13.9-24.2l-0.2-0.2-0.7-1.1c-17.2-30-35-61-53.7-91l-0.2-0.4c-16.6-26.3-41.1-47.7-71.5-62.4l-0.6-387.7h63.9c55.7 0 111.9 0.3 159.4 0.3 17 0 34-0.1 50.8-0.1 16.7 0 33.3-0.2 49.9-0.2h93.9c16.2 0 33.5 0.9 49.7 6.2 13 4.2 23.3 11.3 30.6 20.5 7.2 9.1 11.3 20.2 12.3 33.3v0.6l0.1 0.6c0.8 8.2 0.3 16.3-1.4 24.3l-0.8 3.4-5.3 25.2 15.8 25c8.5 13.4 12.3 26.3 11.6 39.4-0.2 3-0.8 6-1.6 8.9l-9.5 32.3 18.8 28c7.6 11.3 11.1 22 10.9 33.5-0.3 4.3-1 8.6-2.2 12.7l-9.3 32.4 18.9 27.9c4.4 6.4 7.5 13.5 9.3 21.1l1.9 7.8v13.7z"
        ],
        "isMulticolor": false,
        "isMulticolor2": false,
        "tags": [
          "dislike2"
        ],
        "defaultCode": 59038,
        "grid": 0
      },
      "properties": {
        "id": 218,
        "order": 84,
        "ligatures": "",
        "prevSize": 32,
        "code": 59038,
        "name": "dislike2"
      },
      "setIdx": 0,
      "setId": 0,
      "iconIdx": 217
    },
    {
      "icon": {
        "paths": [
          "M184 448h-48c-39.8 0-72 32.2-72 72v368c0 39.8 32.2 72 72 72h48c39.8 0 72-32.2 72-72v-368c0-39.8-32.2-72-72-72zM957.2 474.1c-6.7-26.1-21.1-46.6-47-55.7-13.5-4.4-27.6-6.7-41.8-6.6-75.3-0.6-150.6-0.2-225.9-0.2-9.7 0-10-0.6-8.5-9.9 4.7-27.5 8.6-55.1 14-82.4 7.3-37 8.2-73.8-4.1-109.7-11.1-32.3-23.7-64.2-35.8-96.2-6.8-18.1-18.2-31.3-36.5-38.9-34.5-14.5-68.6-14.2-101.7 3-21.1 11.1-33.5 28.7-32.8 53.8 1 35.4 1.2 70.8 2.7 106.2 0.7 11.4-2.1 22.8-7.8 32.6-27.3 46.9-47.1 83.4-75.6 129.6-5.3 8.5-21.4 24.8-28.3 32.1-20.4 21.5-30.9 35.5-31 59.1-0.1 85.9-0.3 275-0.7 396.8-0.1 39.9 32.2 72.3 72.1 72.2 105.2-0.1 296.3-0.3 390-0.3 22.4 0 44.4-1.4 66-8.4 42.8-14 69.7-47.2 73.1-92 1.3-17 0.5-33.9-5.6-50.3-0.9-2.3 0.6-6.3 2.3-8.6 16.9-22.6 27-47.6 25.2-76.1-0.6-9.8-3.7-19.6-6.7-29.1-1.6-5.1-1.6-8.5 1.9-12.8 16.1-20.2 25.9-43.2 25.1-69.2-0.4-12.3-4.9-24.4-7.2-36.6-0.6-2.9-1-7.2 0.6-9 13.8-15.4 21.5-33.6 25.5-53.7 0.3-0.8 0.8-1.4 1.4-2v-28.3c-1-3.1-2-6.2-2.9-9.4z"
        ],
        "isMulticolor": false,
        "isMulticolor2": false,
        "tags": [
          "like1"
        ],
        "defaultCode": 58956,
        "grid": 0
      },
      "properties": {
        "id": 219,
        "order": 85,
        "ligatures": "",
        "prevSize": 32,
        "code": 58956,
        "name": "like1"
      },
      "setIdx": 0,
      "setId": 0,
      "iconIdx": 218
    },
    {
      "icon": {
        "paths": [
          "M256 504c0 39.8-32.2 72-72 72h-48c-39.8 0-72-32.2-72-72v-368c0-39.8 32.2-72 72-72h48c39.8 0 72 32.2 72 72v368zM957.2 549.9c-6.7 26.1-21.1 46.6-47 55.7-13.5 4.4-27.6 6.7-41.8 6.6-75.3 0.6-150.6 0.2-225.9 0.2-9.7 0-10 0.6-8.5 9.9 4.7 27.5 8.6 55.1 14 82.4 7.3 37 8.2 73.8-4.1 109.7-11.1 32.3-23.7 64.2-35.8 96.2-6.8 18.1-18.2 31.3-36.5 38.9-34.5 14.5-68.6 14.2-101.7-3-21.1-11.1-33.5-28.7-32.8-53.8 1-35.4 1.2-70.8 2.7-106.2 0.7-11.4-2.1-22.8-7.8-32.6-27.3-46.9-47.1-83.4-75.6-129.6-5.3-8.5-21.4-24.8-28.3-32.1-20.4-21.5-30.9-35.5-31-59.1-0.1-85.9-0.3-275-0.7-396.8-0.1-39.9 32.2-72.3 72.1-72.2 105.2 0.1 296.3 0.3 390 0.3 22.4 0 44.4 1.4 66 8.4 42.8 14 69.7 47.2 73.1 92 1.3 17 0.5 33.9-5.6 50.3-0.9 2.3 0.6 6.3 2.3 8.6 16.9 22.6 27 47.6 25.2 76.1-0.6 9.8-3.7 19.6-6.7 29.1-1.6 5.1-1.6 8.5 1.9 12.8 16.1 20.2 25.9 43.2 25.1 69.2-0.4 12.3-4.9 24.4-7.2 36.6-0.6 2.9-1 7.2 0.6 9 13.8 15.4 21.5 33.6 25.5 53.7 0.3 0.8 0.8 1.4 1.4 2v28.3c-1 3.1-2 6.2-2.9 9.4z"
        ],
        "isMulticolor": false,
        "isMulticolor2": false,
        "tags": [
          "dislike1"
        ],
        "defaultCode": 58955,
        "grid": 0
      },
      "properties": {
        "id": 220,
        "order": 86,
        "ligatures": "",
        "prevSize": 32,
        "code": 58955,
        "name": "dislike1"
      },
      "setIdx": 0,
      "setId": 0,
      "iconIdx": 219
    },
    {
      "icon": {
        "paths": [
          "M888 64h-752c-39.8 0-72 32.2-72 72v752c0 39.8 32.2 72 72 72h504c19.9 0 36-16.1 36-36s-16.1-36-36-36h-504v-752h752v504c0 19.9 16.1 36 36 36s36-16.1 36-36v-504c0-39.8-32.2-72-72-72zM633.5 582.5l103.8-103.8c11.3-11.3 3.3-30.7-12.7-30.7h-240.6c-19.9 0-36 16.1-36 36v240.5c0 16 19.4 24.1 30.7 12.7l103.8-103.8 188 188c7 7 16.2 10.5 25.5 10.5s18.4-3.5 25.5-10.5c14.1-14.1 14.1-36.9 0-50.9l-188-188z"
        ],
        "isMulticolor": false,
        "isMulticolor2": false,
        "tags": [
          "select1"
        ],
        "defaultCode": 58954,
        "grid": 0
      },
      "properties": {
        "id": 223,
        "order": 82,
        "ligatures": "",
        "prevSize": 32,
        "code": 58954,
        "name": "select1"
      },
      "setIdx": 0,
      "setId": 0,
      "iconIdx": 222
    },
    {
      "icon": {
        "paths": [
          "M989.3 512.1c-19.8-1.5-37.1 13.4-38.6 33.2-8.3 110.4-57.6 212.9-138.8 288.6-81.7 76.2-188.2 118.1-299.9 118.1-87 0-171.1-25.3-243.2-73.3-63.4-42.1-114.5-99.4-148.8-166.7h100c19.9 0 36-16.1 36-36s-16.1-36-36-36h-184c-19.9 0-36 16.1-36 36v184c0 19.9 16.1 36 36 36s36-16.1 36-36v-86c39.1 65.7 92.6 121.9 156.9 164.7 84 55.8 181.8 85.3 283.1 85.3 130 0 254-48.8 349-137.4 94.6-88.1 151.9-207.4 161.5-335.9 1.5-19.8-13.3-37.1-33.2-38.6zM988 128c-19.9 0-36 16.1-36 36v86c-39.1-65.7-92.6-121.9-157-164.7-83.9-55.8-181.8-85.3-283-85.3-130 0-254 48.8-349 137.4-94.6 88.1-151.9 207.4-161.6 335.9-1.5 19.8 13.4 37.1 33.2 38.6 0.9 0.1 1.8 0.1 2.7 0.1 18.7 0 34.4-14.4 35.9-33.3 8.3-110.4 57.6-212.9 138.8-288.6 81.8-76.2 188.3-118.1 300-118.1 87 0 171.1 25.3 243.2 73.3 63.4 42.1 114.5 99.4 148.8 166.7h-100c-19.9 0-36 16.1-36 36s16.1 36 36 36h184c19.9 0 36-16.1 36-36v-184c0-19.9-16.1-36-36-36z"
        ],
        "isMulticolor": false,
        "isMulticolor2": false,
        "tags": [
          "sync"
        ],
        "defaultCode": 59098,
        "grid": 0
      },
      "properties": {
        "id": 239,
        "order": 69,
        "ligatures": "",
        "prevSize": 32,
        "code": 59098,
        "name": "sync"
      },
      "setIdx": 0,
      "setId": 0,
      "iconIdx": 238
    },
    {
      "icon": {
        "paths": [
          "M954.168 504.138c-3.3-19.599-21.798-32.898-41.397-29.598s-32.898 21.798-29.598 41.397c3.2 18.999 4.8 39.797 4.8 60.296 0 100.393-39.097 194.786-110.092 265.781s-165.388 109.992-265.881 109.992c-100.393 0-194.886-39.097-265.881-110.092s-110.092-165.488-110.092-265.881 39.097-194.886 110.092-265.881 165.488-110.092 265.881-110.092c4.2 0 8.399 0.1 12.599 0.2l-81.794 81.794c-14.099 14.099-14.099 36.897 0 50.896 14.099 14.099 36.897 14.099 50.896 0l135.79-135.79c14.099-14.099 14.099-36.897 0-50.896l-135.79-135.69c-14.099-14.099-36.897-14.099-50.896 0-14.099 14.099-14.099 36.897 0 50.896l66.595 66.595c-59.496 0.3-117.291 12.199-171.687 35.197-53.396 22.598-101.293 54.896-142.39 95.993s-73.395 88.993-95.993 142.39c-23.398 55.296-35.297 113.892-35.297 174.387s11.899 119.091 35.197 174.387c22.598 53.396 54.896 101.293 95.993 142.39s88.993 73.395 142.39 95.993c55.296 23.398 113.892 35.197 174.387 35.197s119.091-11.799 174.387-35.197c53.396-22.498 101.293-54.796 142.39-95.893s73.395-88.993 95.993-142.29c23.398-55.196 35.197-113.892 35.197-174.387 0-24.698-2-48.996-5.8-72.095z"
        ],
        "isMulticolor": false,
        "isMulticolor2": false,
        "tags": [
          "reload1"
        ],
        "defaultCode": 58902,
        "grid": 0
      },
      "properties": {
        "id": 242,
        "order": 76,
        "ligatures": "",
        "prevSize": 32,
        "code": 58902,
        "name": "reload1"
      },
      "setIdx": 0,
      "setId": 0,
      "iconIdx": 241
    },
    {
      "icon": {
        "paths": [
          "M768 696v-368c0-39.8-32.2-72-72-72h-368c-39.8 0-72 32.2-72 72v368c0 39.8 32.2 72 72 72h368c39.8 0 72-32.2 72-72zM696 696h-368v-368h368v368zM100 324c19.9 0 36-16.1 36-36v-152h152c19.9 0 36-16.1 36-36s-16.1-36-36-36h-152c-39.7 0-72 32.3-72 72v152c0 19.9 16.1 36 36 36zM288 888h-152v-152c0-19.9-16.1-36-36-36s-36 16.1-36 36v152c0 39.7 32.3 72 72 72h152c19.9 0 36-16.1 36-36s-16.1-36-36-36zM888 64h-152c-19.9 0-36 16.1-36 36s16.1 36 36 36h152v152c0 19.9 16.1 36 36 36s36-16.1 36-36v-152c0-39.7-32.3-72-72-72zM924 700c-19.9 0-36 16.1-36 36v152h-152c-19.9 0-36 16.1-36 36s16.1 36 36 36h152c39.7 0 72-32.3 72-72v-152c0-19.9-16.1-36-36-36z"
        ],
        "isMulticolor": false,
        "isMulticolor2": false,
        "tags": [
          "scan1"
        ],
        "defaultCode": 59031,
        "grid": 0
      },
      "properties": {
        "id": 248,
        "order": 81,
        "ligatures": "",
        "prevSize": 32,
        "code": 59031,
        "name": "scan1"
      },
      "setIdx": 0,
      "setId": 0,
      "iconIdx": 247
    },
    {
      "icon": {
        "paths": [
          "M924 888h-824c-19.9 0-36 16.1-36 36s16.1 36 36 36h824c19.9 0 36-16.1 36-36s-16.1-36-36-36zM296 770l235.5-99.7c3.8-1.6 7.2-3.9 10.2-6.8l397.2-397.2c28.1-28.1 28.3-73.9 0.2-102l-79.3-79.3c-28.1-28.1-73.9-27.9-102 0.2l-397.2 397.2c-2.9 2.9-5.2 6.4-6.8 10.2l-99.8 235.4c-5.6 13.2-1.7 26.5 6.8 35.1s21.9 12.5 35.2 6.9zM808.7 136.1l0.2-0.2 79.2 79.2-62.2 62.2-79.2-79.2 62-62zM417 527.8l278.8-278.8 79.2 79.2-278.8 278.8-137.4 58.2 58.2-137.4z"
        ],
        "isMulticolor": false,
        "isMulticolor2": false,
        "tags": [
          "edit"
        ],
        "defaultCode": 59026,
        "grid": 0
      },
      "properties": {
        "id": 253,
        "order": 97,
        "ligatures": "",
        "prevSize": 32,
        "code": 59026,
        "name": "edit"
      },
      "setIdx": 0,
      "setId": 0,
      "iconIdx": 252
    },
    {
      "icon": {
        "paths": [
          "M860 504c-19.9 0-36 16.1-36 36 0 1.4 0.1 2.7 0.2 4h-0.2v344h-688v-688h376c19.9 0 36-16.1 36-36s-16.1-36-36-36h-376c-39.8 0-72 32.2-72 72v688c0 39.8 32.2 72 72 72h688c39.8 0 72-32.2 72-72v-344h-0.2c0.1-1.3 0.2-2.6 0.2-4 0-19.9-16.1-36-36-36zM1002.7 100.3l-79.3-79.3c-28.1-28.1-73.9-27.9-102 0.2l-397.2 397.2c-2.9 2.9-5.2 6.4-6.8 10.2l-99.8 235.4c-5.6 13.2-1.7 26.5 6.8 35.1s21.9 12.5 35.2 6.9l235.5-99.7c3.8-1.6 7.2-3.9 10.2-6.8l397.2-397.2c28.1-28.1 28.3-73.9 0.2-102zM559.8 543l-137.4 58.2 58.2-137.4 278.8-278.8 79.2 79.2-278.8 278.8zM951.5 151.3l-62 62-79.2-79.2 62.2-62.2 79.2 79.2-0.2 0.2z"
        ],
        "isMulticolor": false,
        "isMulticolor2": false,
        "tags": [
          "form"
        ],
        "defaultCode": 59798,
        "grid": 0
      },
      "properties": {
        "id": 254,
        "order": 96,
        "ligatures": "",
        "prevSize": 32,
        "code": 59798,
        "name": "form"
      },
      "setIdx": 0,
      "setId": 0,
      "iconIdx": 253
    },
    {
      "icon": {
        "paths": [
          "M113 224h800c26.5 0 48-21.5 48-48s-21.5-48-48-48h-800c-26.5 0-48 21.5-48 48s21.5 48 48 48zM913 464h-480c-26.5 0-48 21.5-48 48s21.5 48 48 48h480c26.5 0 48-21.5 48-48s-21.5-48-48-48zM243.7 355.6l-165.1 144.3c-6.7 5.8-7.3 15.9-1.5 22.6 0.5 0.5 1 1.1 1.5 1.5l165.1 144c3.3 2.9 8.4 2.6 11.3-0.8 1.3-1.5 2-3.3 2-5.3v-300.3c0-4.4-3.6-8-8-8-1.9 0-3.8 0.7-5.3 2zM913 800h-800c-26.5 0-48 21.5-48 48s21.5 48 48 48h800c26.5 0 48-21.5 48-48s-21.5-48-48-48z"
        ],
        "isMulticolor": false,
        "isMulticolor2": false,
        "tags": [
          "menu-unfold"
        ],
        "defaultCode": 59820,
        "grid": 0
      },
      "properties": {
        "id": 261,
        "order": 72,
        "ligatures": "",
        "prevSize": 32,
        "code": 59820,
        "name": "menu-unfold"
      },
      "setIdx": 0,
      "setId": 0,
      "iconIdx": 260
    },
    {
      "icon": {
        "paths": [
          "M112 224h800c26.5 0 48-21.5 48-48s-21.5-48-48-48h-800c-26.5 0-48 21.5-48 48s21.5 48 48 48zM112 560h480c26.5 0 48-21.5 48-48s-21.5-48-48-48h-480c-26.5 0-48 21.5-48 48s21.5 48 48 48zM781.3 355.6c-1.5-1.3-3.3-2-5.3-2-4.4 0-8 3.6-8 8v300.3c0 1.9 0.7 3.8 2 5.3 2.9 3.3 8 3.7 11.3 0.8l165.1-144c0.5-0.5 1.1-1 1.5-1.5 5.8-6.7 5.1-16.8-1.5-22.6l-165.1-144.3zM912 800h-800c-26.5 0-48 21.5-48 48s21.5 48 48 48h800c26.5 0 48-21.5 48-48s-21.5-48-48-48z"
        ],
        "isMulticolor": false,
        "isMulticolor2": false,
        "tags": [
          "menu-fold"
        ],
        "defaultCode": 59821,
        "grid": 0
      },
      "properties": {
        "id": 262,
        "order": 73,
        "ligatures": "",
        "prevSize": 32,
        "code": 59821,
        "name": "menu-fold"
      },
      "setIdx": 0,
      "setId": 0,
      "iconIdx": 261
    }
  ],
  "height": 1024,
  "metadata": {
    "name": "icomoon"
  },
  "preferences": {
    "showGlyphs": true,
    "showQuickUse": true,
    "showQuickUse2": true,
    "showSVGs": true,
    "fontPref": {
      "prefix": "icon-",
      "metadata": {
        "fontFamily": "icomoon"
      },
      "metrics": {
        "emSize": 1024,
        "baseline": 12.5
      },
      "embed": false
    },
    "imagePref": {
      "prefix": "icon-",
      "png": true,
      "useClassSelector": true,
      "color": 0,
      "bgColor": 16777215,
      "classSelector": ".icon"
    },
    "historySize": 50,
    "showCodes": true,
    "gridSize": 16
  }
}